target_date,generated_at_utc,history_through,board_mode,weather_source,batter,game_pk,opposing_pitcher_id,model_rank,batter_name,team,opponent,opposing_pitcher,lineup_slot,venue,park_hr_factor,hr_rating,rating,baseline_rating,matchup_rating,pitcher_vulnerability_rating,pitch_matchup_edge_rating,park_rating,weather_rating,lineup_context_rating,weather_temperature_f,weather_wind_mph,weather_wind_direction_deg,recent_power_rating,barrel_rating,contact_quality_rating,exit_velocity_rating,key_factors,expected_lineup,input_model_rank,v2_score,ranking_score,v2_rank
2026-09-12,2026-09-12T05:56:49.149939+00:00,2026-09-10,projected_or_reconstructed,forecast_or_neutral,606466,825035,677958.0,1,Ketel Marte,Arizona Diamondbacks,Texas Rangers,Kumar Rocker,2,Chase Field,213.0,10.0,Elite,9.8,8.7,9.2,8.7,10.0,4.8,9.0,103.64,5.4059277,240.0,5.8,4.5,7.2,9.1,Ballpark + Hitter skill,True,1,0.8386111111111111,0.8386111111111111,1
2026-09-12,2026-09-12T05:56:49.149939+00:00,2026-09-10,projected_or_reconstructed,forecast_or_neutral,682998,825035,677958.0,2,Corbin Carroll,Arizona Diamondbacks,Texas Rangers,Kumar Rocker,5,Chase Field,213.0,10.0,Elite,9.7,8.0,9.2,8.0,10.0,4.8,6.0,103.64,5.4059277,240.0,3.4,8.2,7.3,9.4,Ballpark + Hitter skill,True,5,0.8233333333333333,0.8233333333333333,2
2026-09-12,2026-09-12T05:56:49.149939+00:00,2026-09-10,projected_or_reconstructed,forecast_or_neutral,700250,823496,804267.0,3,Ben Rice,New York Yankees,New York Mets,Zac Thornton,1,Yankee Stadium,117.0,9.9,Elite,9.5,9.2,8.6,9.2,6.3,6.7,10.0,80.24000000000001,10.1283473,162.0,3.4,7.8,6.1,8.6,Lineup context + Hitter skill,True,3,0.8208333333333333,0.8208333333333333,3
2026-09-12,2026-09-12T05:56:49.149939+00:00,2026-09-10,projected_or_reconstructed,forecast_or_neutral,671277,823496,804267.0,4,Luis García Jr.,New York Yankees,New York Mets,Zac Thornton,4,Yankee Stadium,117.0,9.9,Elite,7.5,9.9,8.6,9.9,6.3,6.7,7.0,80.24000000000001,10.1283473,162.0,9.6,9.2,8.2,7.2,Pitch-type matchup + Recent power,True,8,0.8166666666666667,0.8166666666666667,4
2026-09-12,2026-09-12T05:56:49.149939+00:00,2026-09-10,projected_or_reconstructed,forecast_or_neutral,641355,823496,804267.0,5,Cody Bellinger,New York Yankees,New York Mets,Zac Thornton,2,Yankee Stadium,117.0,9.9,Elite,10.0,7.2,8.6,7.2,6.3,6.7,9.0,80.24000000000001,10.1283473,162.0,6.8,6.6,8.2,7.9,Hitter skill + Lineup context,True,2,0.8130555555555555,0.8130555555555555,5
2026-09-12,2026-09-12T05:56:49.149939+00:00,2026-09-10,projected_or_reconstructed,forecast_or_neutral,646240,823170,650633.0,6,Rafael Devers,San Francisco Giants,San Diego Padres,Michael King,2,Oracle Park,139.0,9.8,Elite,9.9,6.8,7.3,6.8,7.3,6.2,9.0,67.64,18.9518155,287.0,9.7,9.6,7.4,9.8,Hitter skill + Recent power,True,7,0.8016666666666666,0.8016666666666666,6
2026-09-12,2026-09-12T05:56:49.149939+00:00,2026-09-10,projected_or_reconstructed,forecast_or_neutral,805808,824224,685299.0,7,Kevin McGonigle,Detroit Tigers,Colorado Rockies,Tanner Gordon,1,Comerica Park,100.0,9.8,Elite,9.9,6.5,9.5,6.5,5.5,6.7,10.0,80.6,8.7613311,220.0,9.0,7.1,4.3,4.9,Lineup context + Hitter skill,True,4,0.8013888888888888,0.8013888888888888,7
2026-09-12,2026-09-12T05:56:49.149939+00:00,2026-09-10,projected_or_reconstructed,forecast_or_neutral,691406,822927,663567.0,8,Junior Caminero,Tampa Bay Rays,Houston Astros,Peter Lambert,3,Tropicana Field,107.0,9.8,Elite,9.5,8.7,6.6,8.7,5.8,5.8,8.0,86.53999999999999,2.485484,333.0,8.7,8.7,9.2,9.9,Hitter skill + Pitch-type matchup,True,19,0.7969444444444445,0.7969444444444445,8
2026-09-12,2026-09-12T05:56:49.149939+00:00,2026-09-10,projected_or_reconstructed,forecast_or_neutral,665487,823170,702885.0,9,Fernando Tatis Jr.,San Diego Padres,San Francisco Giants,Cesar Perdomo,1,Oracle Park,139.0,9.7,Elite,9.1,9.5,6.0,9.5,7.3,6.2,10.0,67.64,18.9518155,287.0,6.8,9.7,9.7,9.7,Lineup context + Pitch-type matchup,True,13,0.7916666666666666,0.7916666666666666,9
2026-09-12,2026-09-12T05:56:49.149939+00:00,2026-09-10,projected_or_reconstructed,forecast_or_neutral,668901,823496,543037.0,10,Mark Vientos,New York Mets,New York Yankees,Gerrit Cole,4,Yankee Stadium,117.0,9.7,Elite,7.7,9.8,8.2,9.8,6.3,6.7,7.0,80.24000000000001,10.1283473,162.0,9.0,5.7,7.2,8.1,Pitch-type matchup + Recent power,True,10,0.7847222222222222,0.7847222222222222,10
2026-09-12,2026-09-12T05:56:49.149939+00:00,2026-09-10,projected_or_reconstructed,forecast_or_neutral,596019,823496,543037.0,11,Francisco Lindor,New York Mets,New York Yankees,Gerrit Cole,1,Yankee Stadium,117.0,9.7,Elite,8.8,7.3,8.2,7.3,6.3,6.7,10.0,80.24000000000001,10.1283473,162.0,8.6,6.1,7.5,9.2,Lineup context + Hitter skill,True,6,0.7827777777777777,0.7827777777777777,11
2026-09-12,2026-09-12T05:56:49.149939+00:00,2026-09-10,projected_or_reconstructed,forecast_or_neutral,682987,823496,804267.0,12,Spencer Jones,New York Yankees,New York Mets,Zac Thornton,5,Yankee Stadium,117.0,9.6,Elite,7.8,9.8,8.6,9.8,6.3,6.7,6.0,80.24000000000001,10.1283473,162.0,3.4,8.6,6.0,9.0,Pitch-type matchup + Pitcher vulnerability,True,14,0.7802777777777776,0.7802777777777776,12
2026-09-12,2026-09-12T05:56:49.149939+00:00,2026-09-10,projected_or_reconstructed,forecast_or_neutral,665161,822927,693855.0,13,Jeremy Peña,Houston Astros,Tampa Bay Rays,Ian Seymour,2,Tropicana Field,107.0,9.6,Elite,8.1,7.2,9.9,7.2,5.8,5.8,9.0,86.53999999999999,2.485484,333.0,3.4,9.1,7.4,6.5,Pitcher vulnerability + Lineup context,True,21,0.7763888888888889,0.7763888888888889,13
2026-09-12,2026-09-12T05:56:49.149939+00:00,2026-09-10,projected_or_reconstructed,forecast_or_neutral,691718,824630,694973.0,14,Pete Crow-Armstrong,Chicago Cubs,Pittsburgh Pirates,Paul Skenes,1,Wrigley Field,107.0,9.6,Elite,9.8,9.6,5.0,9.6,5.8,6.0,10.0,86.18,9.1962908,241.0,8.9,9.0,8.7,9.0,Lineup context + Hitter skill,True,18,0.7755555555555556,0.7755555555555556,14
2026-09-12,2026-09-12T05:56:49.149939+00:00,2026-09-10,projected_or_reconstructed,forecast_or_neutral,701538,823170,702885.0,15,Jackson Merrill,San Diego Padres,San Francisco Giants,Cesar Perdomo,5,Oracle Park,139.0,9.5,Elite,9.6,7.9,6.0,7.9,7.3,6.2,6.0,67.64,18.9518155,287.0,9.3,9.9,9.4,9.5,Hitter skill + Recent power,True,16,0.7755555555555554,0.7755555555555554,15
2026-09-12,2026-09-12T05:56:49.149939+00:00,2026-09-10,projected_or_reconstructed,forecast_or_neutral,672960,822768,680694.0,16,Kazuma Okamoto,Toronto Blue Jays,Baltimore Orioles,Kyle Bradish,6,Rogers Centre,69.0,9.5,Elite,9.0,7.8,7.6,7.8,4.1,6.6,5.0,77.54,6.027298699999999,135.0,9.2,9.8,6.2,7.6,Recent power + Hitter skill,True,36,0.7669444444444444,0.7669444444444444,16
2026-09-12,2026-09-12T05:56:49.149939+00:00,2026-09-10,projected_or_reconstructed,forecast_or_neutral,686797,823657,682982.0,17,Brooks Lee,Minnesota Twins,Cleveland Guardians,Daniel Espino,7,Target Field,113.0,9.5,Elite,9.7,9.5,5.4,9.5,6.1,6.8,4.0,73.94,12.9245168,307.0,7.2,8.4,9.6,8.1,Hitter skill + Pitch-type matchup,True,17,0.758888888888889,0.758888888888889,17
2026-09-12,2026-09-12T05:56:49.149939+00:00,2026-09-10,projected_or_reconstructed,forecast_or_neutral,800050,823657,687570.0,18,Chase DeLauter,Cleveland Guardians,Minnesota Twins,Connor Prielipp,2,Target Field,113.0,9.4,Excellent,10.0,5.9,7.0,5.9,6.1,6.8,9.0,73.94,12.9245168,307.0,7.2,5.9,9.7,9.4,Hitter skill + Lineup context,True,12,0.753888888888889,0.753888888888889,18
2026-09-12,2026-09-12T05:56:49.149939+00:00,2026-09-10,projected_or_reconstructed,forecast_or_neutral,605141,823819,663969.0,19,Mookie Betts,Los Angeles Dodgers,Miami Marlins,Tyler Phillips,3,loanDepot park,135.0,9.4,Excellent,9.4,5.2,8.9,5.2,7.1,6.6,8.0,84.56,8.077823,93.0,9.0,6.4,5.0,6.6,Hitter skill + Recent power,True,9,0.7516666666666667,0.7516666666666667,19
2026-09-12,2026-09-12T05:56:49.149939+00:00,2026-09-10,projected_or_reconstructed,forecast_or_neutral,683748,822927,663567.0,20,Victor Mesa Jr.,Tampa Bay Rays,Houston Astros,Peter Lambert,5,Tropicana Field,107.0,9.4,Excellent,8.2,9.4,6.6,9.4,5.8,5.8,6.0,86.53999999999999,2.485484,333.0,9.5,9.4,8.3,6.2,Recent power + Pitch-type matchup,True,32,0.7516666666666666,0.7516666666666666,20
2026-09-12,2026-09-12T05:56:49.149939+00:00,2026-09-10,projected_or_reconstructed,forecast_or_neutral,694192,823737,663903.0,21,Jackson Chourio,Milwaukee Brewers,Cincinnati Reds,Brady Singer,1,American Family Field,88.0,9.3,Excellent,9.2,7.3,6.3,7.3,5.0,6.7,10.0,82.4,9.8797989,288.0,8.7,8.7,8.7,8.5,Lineup context + Hitter skill,True,31,0.7499999999999999,0.7499999999999999,21
2026-09-12,2026-09-12T05:56:49.149939+00:00,2026-09-10,projected_or_reconstructed,forecast_or_neutral,571448,825035,677958.0,22,Nolan Arenado,Arizona Diamondbacks,Texas Rangers,Kumar Rocker,6,Chase Field,213.0,9.3,Excellent,7.1,8.1,9.2,8.1,10.0,4.8,5.0,103.64,5.4059277,240.0,9.0,3.7,8.0,7.3,Ballpark + Pitcher vulnerability,True,20,0.748611111111111,0.748611111111111,22
2026-09-12,2026-09-12T05:56:49.149939+00:00,2026-09-10,projected_or_reconstructed,forecast_or_neutral,661388,823737,663903.0,23,William Contreras,Milwaukee Brewers,Cincinnati Reds,Brady Singer,3,American Family Field,88.0,9.3,Excellent,8.9,8.2,6.3,8.2,5.0,6.7,8.0,82.4,9.8797989,288.0,8.9,7.1,8.7,8.7,Hitter skill + Recent power,True,33,0.7469444444444444,0.7469444444444444,23
2026-09-12,2026-09-12T05:56:49.149939+00:00,2026-09-10,projected_or_reconstructed,forecast_or_neutral,682985,824224,685299.0,24,Riley Greene,Detroit Tigers,Colorado Rockies,Tanner Gordon,4,Comerica Park,100.0,9.2,Excellent,7.6,8.5,9.5,8.5,5.5,6.7,7.0,80.6,8.7613311,220.0,9.7,7.7,1.8,2.1,Recent power + Pitcher vulnerability,True,15,0.7458333333333333,0.7458333333333333,24
2026-09-12,2026-09-12T05:56:49.149939+00:00,2026-09-10,projected_or_reconstructed,forecast_or_neutral,665489,822768,680694.0,25,Vladimir Guerrero Jr.,Toronto Blue Jays,Baltimore Orioles,Kyle Bradish,3,Rogers Centre,69.0,9.2,Excellent,8.8,7.3,7.6,7.3,4.1,6.6,8.0,77.54,6.027298699999999,135.0,3.4,7.2,9.8,9.8,Hitter skill + Lineup context,True,47,0.7455555555555555,0.7455555555555555,25
2026-09-12,2026-09-12T05:56:49.149939+00:00,2026-09-10,projected_or_reconstructed,forecast_or_neutral,670623,822927,693855.0,26,Isaac Paredes,Houston Astros,Tampa Bay Rays,Ian Seymour,3,Tropicana Field,107.0,9.2,Excellent,9.3,6.3,9.9,6.3,5.8,5.8,8.0,86.53999999999999,2.485484,333.0,6.4,2.1,2.6,6.2,Pitcher vulnerability + Hitter skill,True,11,0.7388888888888889,0.7388888888888889,26
2026-09-12,2026-09-12T05:56:49.149939+00:00,2026-09-10,projected_or_reconstructed,forecast_or_neutral,666182,823496,543037.0,27,Bo Bichette,New York Mets,New York Yankees,Gerrit Cole,3,Yankee Stadium,117.0,9.1,Excellent,7.4,7.8,8.2,7.8,6.3,6.7,8.0,80.24000000000001,10.1283473,162.0,5.8,8.0,7.7,6.8,Pitcher vulnerability + Lineup context,True,23,0.7308333333333333,0.7308333333333333,27
2026-09-12,2026-09-12T05:56:49.149939+00:00,2026-09-10,projected_or_reconstructed,forecast_or_neutral,682829,823737,,28,Elly De La Cruz,Cincinnati Reds,Milwaukee Brewers,TBD,2,American Family Field,88.0,9.1,Excellent,9.9,5.5,5.5,5.5,5.0,6.7,9.0,82.4,9.8797989,288.0,10.0,9.9,8.5,9.9,Recent power + Hitter skill,True,38,0.7277777777777777,0.7277777777777777,28
2026-09-12,2026-09-12T05:56:49.149939+00:00,2026-09-10,projected_or_reconstructed,forecast_or_neutral,608369,825035,694297.0,29,Corey Seager,Texas Rangers,Arizona Diamondbacks,Brandon Pfaadt,2,Chase Field,213.0,9.1,Excellent,9.2,8.5,4.4,8.5,10.0,4.8,9.0,103.64,5.4059277,240.0,9.6,9.4,9.0,8.7,Ballpark + Recent power,True,25,0.7275,0.7275,29
2026-09-12,2026-09-12T05:56:49.149939+00:00,2026-09-10,projected_or_reconstructed,forecast_or_neutral,662139,822927,693855.0,30,Daulton Varsho,Houston Astros,Tampa Bay Rays,Ian Seymour,4,Tropicana Field,107.0,9.0,Excellent,7.7,6.8,9.9,6.8,5.8,5.8,7.0,86.53999999999999,2.485484,333.0,6.8,7.5,4.5,2.7,Pitcher vulnerability + Hitter skill,True,24,0.7247222222222222,0.7247222222222222,30
2026-09-12,2026-09-12T05:56:49.149939+00:00,2026-09-10,projected_or_reconstructed,forecast_or_neutral,673237,822927,693855.0,31,Yainer Diaz,Houston Astros,Tampa Bay Rays,Ian Seymour,5,Tropicana Field,107.0,9.0,Excellent,5.1,8.0,9.9,8.0,5.8,5.8,6.0,86.53999999999999,2.485484,333.0,3.4,8.4,9.8,8.5,Pitcher vulnerability + Pitch-type matchup,True,60,0.7208333333333332,0.7208333333333332,31
2026-09-12,2026-09-12T05:56:49.149939+00:00,2026-09-10,projected_or_reconstructed,forecast_or_neutral,656941,824870,641816.0,32,Kyle Schwarber,Philadelphia Phillies,Atlanta Braves,Tyler Mahle,1,Truist Park,100.0,9.0,Excellent,9.8,9.4,4.1,9.4,5.5,6.5,10.0,78.98,3.4175405,157.0,9.7,7.9,5.0,8.2,Lineup context + Hitter skill,True,30,0.7194444444444443,0.7194444444444443,32
2026-09-12,2026-09-12T05:56:49.149939+00:00,2026-09-10,projected_or_reconstructed,forecast_or_neutral,665019,823657,682982.0,33,Kody Clemens,Minnesota Twins,Cleveland Guardians,Daniel Espino,5,Target Field,113.0,8.9,Excellent,7.1,9.3,5.4,9.3,6.1,6.8,6.0,73.94,12.9245168,307.0,9.3,9.6,9.7,9.2,Pitch-type matchup + Recent power,True,41,0.7133333333333333,0.7133333333333333,33
2026-09-12,2026-09-12T05:56:49.149939+00:00,2026-09-10,projected_or_reconstructed,forecast_or_neutral,665742,823496,543037.0,34,Juan Soto,New York Mets,New York Yankees,Gerrit Cole,2,Yankee Stadium,117.0,8.9,Excellent,9.1,3.4,8.2,3.4,6.3,6.7,9.0,80.24000000000001,10.1283473,162.0,5.8,8.1,7.9,9.5,Hitter skill + Lineup context,True,22,0.7119444444444444,0.7119444444444444,34
2026-09-12,2026-09-12T05:56:49.149939+00:00,2026-09-10,projected_or_reconstructed,forecast_or_neutral,805811,823170,650633.0,35,Bryce Eldridge,San Francisco Giants,San Diego Padres,Michael King,3,Oracle Park,139.0,8.9,Excellent,8.4,6.4,7.3,6.4,7.3,6.2,8.0,67.64,18.9518155,287.0,6.8,4.3,7.8,9.1,Hitter skill + Lineup context,True,28,0.7022222222222222,0.7022222222222222,35
2026-09-12,2026-09-12T05:56:49.149939+00:00,2026-09-10,projected_or_reconstructed,forecast_or_neutral,691777,824955,693433.0,36,Max Muncy,Athletics,Seattle Mariners,Bryan Woo,5,Sutter Health Park,100.0,8.8,Excellent,6.4,8.4,7.9,8.4,5.5,6.8,6.0,84.02,15.3478637,233.0,9.5,7.2,6.4,5.9,Recent power + Pitch-type matchup,True,40,0.7022222222222222,0.7022222222222222,36
2026-09-12,2026-09-12T05:56:49.149939+00:00,2026-09-10,projected_or_reconstructed,forecast_or_neutral,605137,823657,682982.0,37,Josh Bell,Minnesota Twins,Cleveland Guardians,Daniel Espino,4,Target Field,113.0,8.8,Excellent,8.7,8.5,5.4,8.5,6.1,6.8,7.0,73.94,12.9245168,307.0,7.2,6.4,7.9,7.8,Hitter skill + Pitch-type matchup,True,27,0.6977777777777779,0.6977777777777779,37
2026-09-12,2026-09-12T05:56:49.149939+00:00,2026-09-10,projected_or_reconstructed,forecast_or_neutral,804668,824630,605280.0,38,Rafael Flores Jr.,Pittsburgh Pirates,Chicago Cubs,Clay Holmes,4,Wrigley Field,107.0,8.8,Excellent,9.6,8.9,3.8,8.9,5.8,6.0,7.0,86.18,9.1962908,241.0,6.8,9.0,8.4,8.4,Hitter skill + Pitch-type matchup,True,42,0.6947222222222222,0.6947222222222222,38
2026-09-12,2026-09-12T05:56:49.149939+00:00,2026-09-10,projected_or_reconstructed,forecast_or_neutral,682626,823496,543037.0,39,Francisco Alvarez,New York Mets,New York Yankees,Gerrit Cole,9,Yankee Stadium,117.0,8.7,Excellent,7.4,7.4,8.2,7.4,6.3,6.7,2.0,80.24000000000001,10.1283473,162.0,9.2,5.5,2.8,7.7,Recent power + Pitcher vulnerability,True,29,0.6891666666666666,0.6891666666666666,39
2026-09-12,2026-09-12T05:56:49.149939+00:00,2026-09-10,projected_or_reconstructed,forecast_or_neutral,650490,822927,663567.0,40,Yandy Díaz,Tampa Bay Rays,Houston Astros,Peter Lambert,1,Tropicana Field,107.0,8.7,Excellent,8.5,5.7,6.6,5.7,5.8,5.8,10.0,86.53999999999999,2.485484,333.0,5.9,8.0,9.1,8.4,Lineup context + Hitter skill,True,44,0.6880555555555556,0.6880555555555556,40
2026-09-12,2026-09-12T05:56:49.149939+00:00,2026-09-10,projected_or_reconstructed,forecast_or_neutral,606192,823819,663969.0,41,Teoscar Hernández,Los Angeles Dodgers,Miami Marlins,Tyler Phillips,6,loanDepot park,135.0,8.7,Excellent,8.3,2.7,8.9,2.7,7.1,6.6,5.0,84.56,8.077823,93.0,7.6,9.6,5.8,7.7,Pitcher vulnerability + Hitter skill,True,35,0.6847222222222222,0.6847222222222222,41
2026-09-12,2026-09-12T05:56:49.149939+00:00,2026-09-10,projected_or_reconstructed,forecast_or_neutral,669394,825035,694297.0,42,Jake Burger,Texas Rangers,Arizona Diamondbacks,Brandon Pfaadt,7,Chase Field,213.0,8.6,Excellent,9.6,7.0,4.4,7.0,10.0,4.8,4.0,103.64,5.4059277,240.0,9.7,9.8,6.8,8.0,Ballpark + Recent power,True,39,0.6822222222222222,0.6822222222222222,42
2026-09-12,2026-09-12T05:56:49.149939+00:00,2026-09-10,projected_or_reconstructed,forecast_or_neutral,641343,823737,663903.0,43,Jake Bauers,Milwaukee Brewers,Cincinnati Reds,Brady Singer,5,American Family Field,88.0,8.6,Excellent,9.3,9.0,6.3,9.0,5.0,6.7,6.0,82.4,9.8797989,288.0,8.3,4.2,1.9,3.4,Hitter skill + Pitch-type matchup,True,26,0.6813888888888888,0.6813888888888888,43
2026-09-12,2026-09-12T05:56:49.149939+00:00,2026-09-10,projected_or_reconstructed,forecast_or_neutral,663728,824955,695611.0,44,Cal Raleigh,Seattle Mariners,Athletics,Gage Jump,4,Sutter Health Park,100.0,8.6,Excellent,8.0,7.7,5.7,7.7,5.5,6.8,7.0,84.02,15.3478637,233.0,3.4,9.8,8.2,9.7,Hitter skill + Pitch-type matchup,True,52,0.6802777777777778,0.6802777777777778,44
2026-09-12,2026-09-12T05:56:49.149939+00:00,2026-09-10,projected_or_reconstructed,forecast_or_neutral,690993,824224,685299.0,45,Colt Keith,Detroit Tigers,Colorado Rockies,Tanner Gordon,3,Comerica Park,100.0,8.5,Strong,3.5,7.7,9.5,7.7,5.5,6.7,8.0,80.6,8.7613311,220.0,8.6,7.0,8.6,7.0,Pitcher vulnerability + Recent power,True,75,0.6741666666666667,0.6741666666666667,45
2026-09-12,2026-09-12T05:56:49.149939+00:00,2026-09-10,projected_or_reconstructed,forecast_or_neutral,681508,824712,677976.0,46,Mickey Gasper,Boston Red Sox,Kansas City Royals,Randy Dobnak,2,Fenway Park,92.0,8.5,Strong,8.9,8.6,4.7,8.6,5.1,6.7,9.0,73.75999999999999,9.6312505,77.0,6.4,7.7,4.7,8.2,Lineup context + Hitter skill,True,46,0.6733333333333333,0.6733333333333333,46
2026-09-12,2026-09-12T05:56:49.149939+00:00,2026-09-10,projected_or_reconstructed,forecast_or_neutral,592518,823170,702885.0,47,Manny Machado,San Diego Padres,San Francisco Giants,Cesar Perdomo,3,Oracle Park,139.0,8.5,Strong,7.3,9.1,6.0,9.1,7.3,6.2,8.0,67.64,18.9518155,287.0,9.2,6.3,6.3,4.0,Recent power + Pitch-type matchup,True,34,0.6722222222222222,0.6722222222222222,47
2026-09-12,2026-09-12T05:56:49.149939+00:00,2026-09-10,projected_or_reconstructed,forecast_or_neutral,663886,823737,,48,Tyler Stephenson,Cincinnati Reds,Milwaukee Brewers,TBD,5,American Family Field,88.0,8.4,Strong,9.0,5.5,5.5,5.5,5.0,6.7,6.0,82.4,9.8797989,288.0,7.6,10.0,9.9,6.4,Hitter skill + Recent power,True,58,0.6699999999999998,0.6699999999999998,48
2026-09-12,2026-09-12T05:56:49.149939+00:00,2026-09-10,projected_or_reconstructed,forecast_or_neutral,572233,822927,693855.0,49,Christian Walker,Houston Astros,Tampa Bay Rays,Ian Seymour,6,Tropicana Field,107.0,8.4,Strong,7.6,2.8,9.9,2.8,5.8,5.8,5.0,86.53999999999999,2.485484,333.0,7.2,5.2,6.9,7.5,Pitcher vulnerability + Hitter skill,True,51,0.6680555555555554,0.6680555555555554,49
2026-09-12,2026-09-12T05:56:49.149939+00:00,2026-09-10,projected_or_reconstructed,forecast_or_neutral,701358,822927,693855.0,50,Cam Smith,Houston Astros,Tampa Bay Rays,Ian Seymour,7,Tropicana Field,107.0,8.4,Strong,4.3,6.7,9.9,6.7,5.8,5.8,4.0,86.53999999999999,2.485484,333.0,9.8,7.6,6.6,5.6,Pitcher vulnerability + Recent power,True,69,0.6649999999999999,0.6649999999999999,50
2026-09-12,2026-09-12T05:56:49.149939+00:00,2026-09-10,projected_or_reconstructed,forecast_or_neutral,660670,824870,,51,Ronald Acuña Jr.,Atlanta Braves,Philadelphia Phillies,TBD,2,Truist Park,100.0,8.3,Strong,8.7,5.5,5.5,5.5,5.5,6.5,9.0,78.98,3.4175405,157.0,7.2,8.0,8.1,7.3,Lineup context + Hitter skill,True,57,0.6519444444444444,0.6519444444444444,51
2026-09-12,2026-09-12T05:56:49.149939+00:00,2026-09-10,projected_or_reconstructed,forecast_or_neutral,666018,822927,663567.0,52,Jonathan Aranda,Tampa Bay Rays,Houston Astros,Peter Lambert,2,Tropicana Field,107.0,8.3,Strong,8.2,6.6,6.6,6.6,5.8,5.8,9.0,86.53999999999999,2.485484,333.0,6.8,4.3,6.2,6.4,Lineup context + Hitter skill,True,43,0.6516666666666666,0.6516666666666666,52
2026-09-12,2026-09-12T05:56:49.149939+00:00,2026-09-10,projected_or_reconstructed,forecast_or_neutral,664761,824870,641816.0,53,Alec Bohm,Philadelphia Phillies,Atlanta Braves,Tyler Mahle,5,Truist Park,100.0,8.3,Strong,8.1,9.6,4.1,9.6,5.5,6.5,6.0,78.98,3.4175405,157.0,3.4,8.6,8.9,7.4,Pitch-type matchup + Hitter skill,True,72,0.651111111111111,0.651111111111111,53
2026-09-12,2026-09-12T05:56:49.149939+00:00,2026-09-10,projected_or_reconstructed,forecast_or_neutral,543807,822768,680694.0,54,George Springer,Toronto Blue Jays,Baltimore Orioles,Kyle Bradish,2,Rogers Centre,69.0,8.2,Strong,5.6,8.0,7.6,8.0,4.1,6.6,9.0,77.54,6.027298699999999,135.0,3.4,9.2,5.7,7.3,Lineup context + Pitch-type matchup,True,100,0.6475,0.6475,54
2026-09-12,2026-09-12T05:56:49.149939+00:00,2026-09-10,projected_or_reconstructed,forecast_or_neutral,672515,825035,677958.0,55,Gabriel Moreno,Arizona Diamondbacks,Texas Rangers,Kumar Rocker,3,Chase Field,213.0,8.2,Strong,6.2,4.8,9.2,4.8,10.0,4.8,8.0,103.64,5.4059277,240.0,3.4,7.8,5.4,7.4,Ballpark + Pitcher vulnerability,True,53,0.6455555555555557,0.6455555555555557,55
2026-09-12,2026-09-12T05:56:49.149939+00:00,2026-09-10,projected_or_reconstructed,forecast_or_neutral,701350,824712,677976.0,56,Roman Anthony,Boston Red Sox,Kansas City Royals,Randy Dobnak,1,Fenway Park,92.0,8.2,Strong,7.5,7.4,4.7,7.4,5.1,6.7,10.0,73.75999999999999,9.6312505,77.0,5.9,9.7,7.6,9.5,Lineup context + Hitter skill,True,73,0.6455555555555557,0.6455555555555557,56
2026-09-12,2026-09-12T05:56:49.149939+00:00,2026-09-10,projected_or_reconstructed,forecast_or_neutral,672386,822768,680694.0,57,Alejandro Kirk,Toronto Blue Jays,Baltimore Orioles,Kyle Bradish,4,Rogers Centre,69.0,8.1,Strong,7.9,3.7,7.6,3.7,4.1,6.6,7.0,77.54,6.027298699999999,135.0,6.4,5.3,9.0,9.1,Hitter skill + Pitcher vulnerability,True,81,0.6455555555555555,0.6455555555555555,57
2026-09-12,2026-09-12T05:56:49.149939+00:00,2026-09-10,projected_or_reconstructed,forecast_or_neutral,680776,824712,677976.0,58,Jarren Duran,Boston Red Sox,Kansas City Royals,Randy Dobnak,8,Fenway Park,92.0,8.1,Strong,6.8,9.0,4.7,9.0,5.1,6.7,3.0,73.75999999999999,9.6312505,77.0,7.2,7.3,9.1,8.6,Pitch-type matchup + Recent power,True,94,0.6349999999999999,0.6349999999999999,58
2026-09-12,2026-09-12T05:56:49.149939+00:00,2026-09-10,projected_or_reconstructed,forecast_or_neutral,691002,822685,700712.0,59,Yohandy Morales,Washington Nationals,Los Angeles Angels,Walbert Ureña,6,Nationals Park,105.0,8.1,Strong,8.4,10.0,2.5,10.0,5.7,6.6,5.0,82.75999999999999,6.8972181,119.0,9.0,8.9,5.8,7.8,Pitch-type matchup + Recent power,True,63,0.6344444444444444,0.6344444444444444,59
2026-09-12,2026-09-12T05:56:49.149939+00:00,2026-09-10,projected_or_reconstructed,forecast_or_neutral,571970,823819,663969.0,60,Max Muncy,Los Angeles Dodgers,Miami Marlins,Tyler Phillips,2,loanDepot park,135.0,8.0,Strong,6.7,3.0,8.9,3.0,7.1,6.6,9.0,84.56,8.077823,93.0,6.8,5.9,6.6,6.7,Lineup context + Pitcher vulnerability,True,48,0.6311111111111111,0.6311111111111111,60
2026-09-12,2026-09-12T05:56:49.149939+00:00,2026-09-10,projected_or_reconstructed,forecast_or_neutral,553993,823737,,61,Eugenio Suárez,Cincinnati Reds,Milwaukee Brewers,TBD,6,American Family Field,88.0,8.0,Strong,9.3,5.5,5.5,5.5,5.0,6.7,5.0,82.4,9.8797989,288.0,9.2,5.7,3.7,6.9,Hitter skill + Recent power,True,54,0.6288888888888888,0.6288888888888888,61
2026-09-12,2026-09-12T05:56:49.149939+00:00,2026-09-10,projected_or_reconstructed,forecast_or_neutral,681715,823819,607192.0,62,Heriberto Hernández,Miami Marlins,Los Angeles Dodgers,Tyler Glasnow,1,loanDepot park,135.0,8.0,Strong,9.4,8.9,1.3,8.9,7.1,6.6,10.0,84.56,8.077823,93.0,5.9,9.5,7.0,9.6,Lineup context + Hitter skill,True,50,0.6247222222222222,0.6247222222222222,62
2026-09-12,2026-09-12T05:56:49.149939+00:00,2026-09-10,projected_or_reconstructed,forecast_or_neutral,643446,824955,693433.0,63,Jeff McNeil,Athletics,Seattle Mariners,Bryan Woo,2,Sutter Health Park,100.0,7.9,Strong,6.9,4.3,7.9,4.3,5.5,6.8,9.0,84.02,15.3478637,233.0,6.4,2.7,9.5,6.6,Lineup context + Pitcher vulnerability,True,56,0.6236111111111112,0.6236111111111112,63
2026-09-12,2026-09-12T05:56:49.149939+00:00,2026-09-10,projected_or_reconstructed,forecast_or_neutral,669224,823496,804267.0,64,Austin Wells,New York Yankees,New York Mets,Zac Thornton,8,Yankee Stadium,117.0,7.9,Strong,5.2,8.2,8.6,8.2,6.3,6.7,3.0,80.24000000000001,10.1283473,162.0,3.4,3.6,3.1,7.2,Pitcher vulnerability + Pitch-type matchup,True,55,0.6147222222222222,0.6147222222222222,64
2026-09-12,2026-09-12T05:56:49.149939+00:00,2026-09-10,projected_or_reconstructed,forecast_or_neutral,699013,824630,605280.0,65,Esmerlyn Valdez,Pittsburgh Pirates,Chicago Cubs,Clay Holmes,5,Wrigley Field,107.0,7.9,Strong,8.0,7.5,3.8,7.5,5.8,6.0,6.0,86.18,9.1962908,241.0,7.2,8.9,5.9,9.6,Hitter skill + Pitch-type matchup,True,79,0.6147222222222222,0.6147222222222222,65
2026-09-12,2026-09-12T05:56:49.149939+00:00,2026-09-10,projected_or_reconstructed,forecast_or_neutral,663993,823657,687570.0,66,Nathaniel Lowe,Cleveland Guardians,Minnesota Twins,Connor Prielipp,6,Target Field,113.0,7.8,Strong,6.2,7.5,7.0,7.5,6.1,6.8,5.0,73.94,12.9245168,307.0,9.5,2.8,3.8,6.1,Recent power + Pitch-type matchup,True,49,0.6127777777777779,0.6127777777777779,66
2026-09-12,2026-09-12T05:56:49.149939+00:00,2026-09-10,projected_or_reconstructed,forecast_or_neutral,664770,822768,680694.0,67,Nathan Lukes,Toronto Blue Jays,Baltimore Orioles,Kyle Bradish,5,Rogers Centre,69.0,7.8,Strong,7.2,6.5,7.6,6.5,4.1,6.6,6.0,77.54,6.027298699999999,135.0,3.4,6.6,3.3,4.5,Pitcher vulnerability + Hitter skill,True,84,0.611111111111111,0.611111111111111,67
2026-09-12,2026-09-12T05:56:49.149939+00:00,2026-09-10,projected_or_reconstructed,forecast_or_neutral,669065,823819,607192.0,68,Kyle Stowers,Miami Marlins,Los Angeles Dodgers,Tyler Glasnow,6,loanDepot park,135.0,7.8,Strong,8.9,9.9,1.3,9.9,7.1,6.6,5.0,84.56,8.077823,93.0,6.4,6.9,7.8,9.9,Pitch-type matchup + Hitter skill,True,59,0.6108333333333332,0.6108333333333332,68
2026-09-12,2026-09-12T05:56:49.149939+00:00,2026-09-10,projected_or_reconstructed,forecast_or_neutral,686469,824712,624133.0,69,Vinnie Pasquantino,Kansas City Royals,Boston Red Sox,Ranger Suarez,3,Fenway Park,92.0,7.7,Strong,9.7,6.2,2.1,6.2,5.1,6.7,8.0,73.75999999999999,9.6312505,77.0,6.1,9.2,9.8,9.7,Hitter skill + Lineup context,True,88,0.61,0.61,69
2026-09-12,2026-09-12T05:56:49.149939+00:00,2026-09-10,projected_or_reconstructed,forecast_or_neutral,703607,824955,693433.0,70,Henry Bolte,Athletics,Seattle Mariners,Bryan Woo,1,Sutter Health Park,100.0,7.7,Strong,5.1,6.5,7.9,6.5,5.5,6.8,10.0,84.02,15.3478637,233.0,9.2,4.7,5.1,4.2,Lineup context + Recent power,True,62,0.6080555555555556,0.6080555555555556,70
2026-09-12,2026-09-12T05:56:49.149939+00:00,2026-09-10,projected_or_reconstructed,forecast_or_neutral,608070,823657,687570.0,71,José Ramírez,Cleveland Guardians,Minnesota Twins,Connor Prielipp,3,Target Field,113.0,7.7,Strong,8.6,5.2,7.0,5.2,6.1,6.8,8.0,73.94,12.9245168,307.0,3.4,1.3,4.7,6.2,Hitter skill + Lineup context,True,37,0.606388888888889,0.606388888888889,71
2026-09-12,2026-09-12T05:56:49.149939+00:00,2026-09-10,projected_or_reconstructed,forecast_or_neutral,699024,823009,656794.0,72,Leo Bernal,St. Louis Cardinals,Chicago White Sox,Sean Newcomb,6,Busch Stadium,70.0,7.6,Strong,8.8,9.7,1.3,9.7,4.2,5.9,5.0,89.6,3.9146373,204.0,6.1,7.4,9.9,10.0,Pitch-type matchup + Hitter skill,True,133,0.6055555555555555,0.6055555555555555,72
2026-09-12,2026-09-12T05:56:49.149939+00:00,2026-09-10,projected_or_reconstructed,forecast_or_neutral,592626,825035,694297.0,73,Joc Pederson,Texas Rangers,Arizona Diamondbacks,Brandon Pfaadt,1,Chase Field,213.0,7.6,Strong,5.2,9.3,4.4,9.3,10.0,4.8,10.0,103.64,5.4059277,240.0,9.9,7.5,6.1,7.9,Ballpark + Lineup context,True,78,0.6052777777777778,0.6052777777777778,73
2026-09-12,2026-09-12T05:56:49.149939+00:00,2026-09-10,projected_or_reconstructed,forecast_or_neutral,696100,824224,808825.0,74,Hunter Goodman,Colorado Rockies,Detroit Tigers,Andrew Sears,4,Comerica Park,100.0,7.6,Strong,7.4,9.7,3.4,9.7,5.5,6.7,7.0,80.6,8.7613311,220.0,7.2,5.8,7.3,6.0,Pitch-type matchup + Hitter skill,True,71,0.605,0.605,74
2026-09-12,2026-09-12T05:56:49.149939+00:00,2026-09-10,projected_or_reconstructed,forecast_or_neutral,624413,822768,693686.0,75,Pete Alonso,Baltimore Orioles,Toronto Blue Jays,Spencer Miles,2,Rogers Centre,69.0,7.5,Strong,9.4,6.9,1.8,6.9,4.1,6.6,9.0,77.54,6.027298699999999,135.0,6.4,9.1,9.5,9.6,Hitter skill + Lineup context,True,113,0.6044444444444445,0.6044444444444445,75
2026-09-12,2026-09-12T05:56:49.149939+00:00,2026-09-10,projected_or_reconstructed,forecast_or_neutral,680700,822927,663567.0,76,Richie Palacios,Tampa Bay Rays,Houston Astros,Peter Lambert,8,Tropicana Field,107.0,7.5,Strong,5.2,7.6,6.6,7.6,5.8,5.8,3.0,86.53999999999999,2.485484,333.0,9.8,7.3,7.5,5.1,Recent power + Pitch-type matchup,True,108,0.6044444444444443,0.6044444444444443,76
2026-09-12,2026-09-12T05:56:49.149939+00:00,2026-09-10,projected_or_reconstructed,forecast_or_neutral,656775,822927,663567.0,77,Cedric Mullins,Tampa Bay Rays,Houston Astros,Peter Lambert,7,Tropicana Field,107.0,7.5,Strong,7.0,5.8,6.6,5.8,5.8,5.8,4.0,86.53999999999999,2.485484,333.0,3.4,7.8,6.9,7.8,Hitter skill + Pitcher vulnerability,True,97,0.601111111111111,0.601111111111111,77
2026-09-12,2026-09-12T05:56:49.149939+00:00,2026-09-10,projected_or_reconstructed,forecast_or_neutral,693307,824224,685299.0,78,Dillon Dingler,Detroit Tigers,Colorado Rockies,Tanner Gordon,5,Comerica Park,100.0,7.4,Above average,4.1,6.7,9.5,6.7,5.5,6.7,6.0,80.6,8.7613311,220.0,3.4,3.6,7.0,5.3,Pitcher vulnerability + Pitch-type matchup,True,98,0.5997222222222222,0.5997222222222222,78
2026-09-12,2026-09-12T05:56:49.149939+00:00,2026-09-10,projected_or_reconstructed,forecast_or_neutral,680869,824955,693433.0,79,Zack Gelof,Athletics,Seattle Mariners,Bryan Woo,3,Sutter Health Park,100.0,7.4,Above average,3.5,9.4,7.9,9.4,5.5,6.8,8.0,84.02,15.3478637,233.0,3.4,7.6,4.5,4.8,Pitch-type matchup + Lineup context,True,95,0.5983333333333334,0.5983333333333334,79
2026-09-12,2026-09-12T05:56:49.149939+00:00,2026-09-10,projected_or_reconstructed,forecast_or_neutral,621566,824870,,80,Matt Olson,Atlanta Braves,Philadelphia Phillies,TBD,3,Truist Park,100.0,7.4,Above average,7.9,5.5,5.5,5.5,5.5,6.5,8.0,78.98,3.4175405,157.0,3.4,4.7,8.8,8.5,Lineup context + Hitter skill,True,89,0.5980555555555557,0.5980555555555557,80
2026-09-12,2026-09-12T05:56:49.149939+00:00,2026-09-10,projected_or_reconstructed,forecast_or_neutral,701398,823737,,81,Sal Stewart,Cincinnati Reds,Milwaukee Brewers,TBD,3,American Family Field,88.0,7.3,Above average,7.1,5.5,5.5,5.5,5.0,6.7,8.0,82.4,9.8797989,288.0,3.4,7.9,8.5,9.3,Lineup context + Hitter skill,True,117,0.5961111111111111,0.5961111111111111,81
2026-09-12,2026-09-12T05:56:49.149939+00:00,2026-09-10,projected_or_reconstructed,forecast_or_neutral,668804,824630,605280.0,82,Bryan Reynolds,Pittsburgh Pirates,Chicago Cubs,Clay Holmes,3,Wrigley Field,107.0,7.3,Above average,8.4,4.4,3.8,4.4,5.8,6.0,8.0,86.18,9.1962908,241.0,7.2,9.5,9.3,9.8,Hitter skill + Lineup context,True,93,0.5944444444444446,0.5944444444444446,82
2026-09-12,2026-09-12T05:56:49.149939+00:00,2026-09-10,projected_or_reconstructed,forecast_or_neutral,607208,824870,641816.0,83,Trea Turner,Philadelphia Phillies,Atlanta Braves,Tyler Mahle,2,Truist Park,100.0,7.3,Above average,9.2,3.9,4.1,3.9,5.5,6.5,9.0,78.98,3.4175405,157.0,9.2,6.7,7.1,8.0,Hitter skill + Recent power,True,76,0.5941666666666666,0.5941666666666666,83
2026-09-12,2026-09-12T05:56:49.149939+00:00,2026-09-10,projected_or_reconstructed,forecast_or_neutral,643376,825035,694297.0,84,Danny Jansen,Texas Rangers,Arizona Diamondbacks,Brandon Pfaadt,9,Chase Field,213.0,7.2,Above average,6.7,9.6,4.4,9.6,10.0,4.8,2.0,103.64,5.4059277,240.0,8.5,8.2,5.1,3.0,Ballpark + Pitch-type matchup,True,67,0.5938888888888888,0.5938888888888888,84
2026-09-12,2026-09-12T05:56:49.149939+00:00,2026-09-10,projected_or_reconstructed,forecast_or_neutral,695600,824712,624133.0,85,Carter Jensen,Kansas City Royals,Boston Red Sox,Ranger Suarez,1,Fenway Park,92.0,7.2,Above average,9.1,7.1,2.1,7.1,5.1,6.7,10.0,73.75999999999999,9.6312505,77.0,6.4,9.0,5.3,9.3,Lineup context + Hitter skill,True,80,0.5897222222222223,0.5897222222222223,85
2026-09-12,2026-09-12T05:56:49.149939+00:00,2026-09-10,projected_or_reconstructed,forecast_or_neutral,687263,822685,674841.0,86,Zach Neto,Los Angeles Angels,Washington Nationals,Andrew Alvarez,1,Nationals Park,105.0,7.2,Above average,9.0,5.7,2.8,5.7,5.7,6.6,10.0,82.75999999999999,6.8972181,119.0,8.9,7.3,6.8,8.0,Lineup context + Hitter skill,True,65,0.5877777777777778,0.5877777777777778,86
2026-09-12,2026-09-12T05:56:49.149939+00:00,2026-09-10,projected_or_reconstructed,forecast_or_neutral,677594,824955,695611.0,87,Julio Rodríguez,Seattle Mariners,Athletics,Gage Jump,5,Sutter Health Park,100.0,7.1,Above average,6.6,6.1,5.7,6.1,5.5,6.8,6.0,84.02,15.3478637,233.0,7.6,7.0,7.4,5.5,Recent power + Weather,True,86,0.5874999999999999,0.5874999999999999,87
2026-09-12,2026-09-12T05:56:49.149939+00:00,2026-09-10,projected_or_reconstructed,forecast_or_neutral,806146,823496,804267.0,88,George Lombard Jr.,New York Yankees,New York Mets,Zac Thornton,6,Yankee Stadium,117.0,7.1,Above average,2.8,9.7,8.6,9.7,6.3,6.7,5.0,80.24000000000001,10.1283473,162.0,6.8,3.3,3.9,3.2,Pitch-type matchup + Pitcher vulnerability,True,74,0.5822222222222221,0.5822222222222221,88
2026-09-12,2026-09-12T05:56:49.149939+00:00,2026-09-10,projected_or_reconstructed,forecast_or_neutral,514888,822927,693855.0,89,Jose Altuve,Houston Astros,Tampa Bay Rays,Ian Seymour,1,Tropicana Field,107.0,7.1,Above average,3.3,6.6,9.9,6.6,5.8,5.8,10.0,86.53999999999999,2.485484,333.0,3.4,2.1,8.0,3.4,Lineup context + Pitcher vulnerability,True,102,0.5813888888888888,0.5813888888888888,89
2026-09-12,2026-09-12T05:56:49.149939+00:00,2026-09-10,projected_or_reconstructed,forecast_or_neutral,521692,824712,624133.0,90,Salvador Perez,Kansas City Royals,Boston Red Sox,Ranger Suarez,4,Fenway Park,92.0,7.0,Above average,8.5,6.8,2.1,6.8,5.1,6.7,7.0,73.75999999999999,9.6312505,77.0,6.1,9.7,9.3,8.4,Hitter skill + Lineup context,True,125,0.5783333333333334,0.5783333333333334,90
2026-09-12,2026-09-12T05:56:49.149939+00:00,2026-09-10,projected_or_reconstructed,forecast_or_neutral,699302,823737,,91,Héctor Rodríguez,Cincinnati Reds,Milwaukee Brewers,TBD,1,American Family Field,88.0,7.0,Above average,6.8,5.5,5.5,5.5,5.0,6.7,10.0,82.4,9.8797989,288.0,3.4,6.8,7.6,7.9,Lineup context + Hitter skill,True,119,0.5744444444444443,0.5744444444444443,91
2026-09-12,2026-09-12T05:56:49.149939+00:00,2026-09-10,projected_or_reconstructed,forecast_or_neutral,543760,823496,543037.0,92,Marcus Semien,New York Mets,New York Yankees,Gerrit Cole,6,Yankee Stadium,117.0,7.0,Above average,4.5,7.6,8.2,7.6,6.3,6.7,5.0,80.24000000000001,10.1283473,162.0,3.4,3.2,4.4,5.6,Pitcher vulnerability + Pitch-type matchup,True,70,0.5730555555555554,0.5730555555555554,92
2026-09-12,2026-09-12T05:56:49.149939+00:00,2026-09-10,projected_or_reconstructed,forecast_or_neutral,686527,824955,695611.0,93,Dominic Canzone,Seattle Mariners,Athletics,Gage Jump,3,Sutter Health Park,100.0,6.9,Above average,5.9,8.6,5.7,8.6,5.5,6.8,8.0,84.02,15.3478637,233.0,3.4,6.3,3.5,4.4,Pitch-type matchup + Lineup context,True,83,0.5672222222222223,0.5672222222222223,93
2026-09-12,2026-09-12T05:56:49.149939+00:00,2026-09-10,projected_or_reconstructed,forecast_or_neutral,665052,823819,607192.0,94,Griffin Conine,Miami Marlins,Los Angeles Dodgers,Tyler Glasnow,9,loanDepot park,135.0,6.9,Above average,9.5,8.1,1.3,8.1,7.1,6.6,2.0,84.56,8.077823,93.0,6.4,9.1,5.2,7.1,Hitter skill + Pitch-type matchup,True,66,0.5663888888888888,0.5663888888888888,94
2026-09-12,2026-09-12T05:56:49.149939+00:00,2026-09-10,projected_or_reconstructed,forecast_or_neutral,701785,823657,682982.0,95,Kaelen Culpepper,Minnesota Twins,Cleveland Guardians,Daniel Espino,2,Target Field,113.0,6.9,Above average,4.8,8.8,5.4,8.8,6.1,6.8,9.0,73.94,12.9245168,307.0,3.4,3.4,8.0,8.2,Lineup context + Pitch-type matchup,True,90,0.5658333333333335,0.5658333333333335,95
2026-09-12,2026-09-12T05:56:49.149939+00:00,2026-09-10,projected_or_reconstructed,forecast_or_neutral,624641,824870,641816.0,96,Edmundo Sosa,Philadelphia Phillies,Atlanta Braves,Tyler Mahle,6,Truist Park,100.0,6.8,Above average,4.7,10.0,4.1,10.0,5.5,6.5,5.0,78.98,3.4175405,157.0,3.4,7.9,8.3,8.7,Pitch-type matchup + Weather,True,161,0.5616666666666666,0.5616666666666666,96
2026-09-12,2026-09-12T05:56:49.149939+00:00,2026-09-10,projected_or_reconstructed,forecast_or_neutral,592450,823496,804267.0,97,Aaron Judge,New York Yankees,New York Mets,Zac Thornton,3,Yankee Stadium,117.0,6.8,Above average,8.3,1.4,8.6,1.4,6.3,6.7,8.0,80.24000000000001,10.1283473,162.0,3.4,1.3,3.4,5.4,Pitcher vulnerability + Hitter skill,True,45,0.5613888888888889,0.5613888888888889,97
2026-09-12,2026-09-12T05:56:49.149939+00:00,2026-09-10,projected_or_reconstructed,forecast_or_neutral,641680,824955,693433.0,98,Jonah Heim,Athletics,Seattle Mariners,Bryan Woo,9,Sutter Health Park,100.0,6.8,Above average,5.8,5.5,7.9,5.5,5.5,6.8,2.0,84.02,15.3478637,233.0,3.4,3.1,5.4,6.9,Pitcher vulnerability + Weather,True,104,0.5613888888888889,0.5613888888888889,98
2026-09-12,2026-09-12T05:56:49.149939+00:00,2026-09-10,projected_or_reconstructed,forecast_or_neutral,677951,824712,624133.0,99,Bobby Witt Jr.,Kansas City Royals,Boston Red Sox,Ranger Suarez,2,Fenway Park,92.0,6.7,Above average,8.7,5.8,2.1,5.8,5.1,6.7,9.0,73.75999999999999,9.6312505,77.0,6.1,9.3,7.5,8.9,Lineup context + Hitter skill,True,121,0.5605555555555556,0.5605555555555556,99
2026-09-12,2026-09-12T05:56:49.149939+00:00,2026-09-10,projected_or_reconstructed,forecast_or_neutral,622268,824955,693433.0,100,Donovan Walton,Athletics,Seattle Mariners,Bryan Woo,6,Sutter Health Park,100.0,6.7,Above average,2.4,8.6,7.9,8.6,5.5,6.8,5.0,84.02,15.3478637,233.0,8.1,6.0,3.8,5.4,Pitch-type matchup + Recent power,True,135,0.5605555555555556,0.5605555555555556,100
2026-09-12,2026-09-12T05:56:49.149939+00:00,2026-09-10,projected_or_reconstructed,forecast_or_neutral,807712,823657,682982.0,101,Luke Keaschall,Minnesota Twins,Cleveland Guardians,Daniel Espino,1,Target Field,113.0,6.7,Above average,6.5,7.6,5.4,7.6,6.1,6.8,10.0,73.94,12.9245168,307.0,3.4,2.7,4.3,6.8,Lineup context + Pitch-type matchup,True,61,0.5602777777777779,0.5602777777777779,101
2026-09-12,2026-09-12T05:56:49.149939+00:00,2026-09-10,projected_or_reconstructed,forecast_or_neutral,680777,823657,682982.0,102,Ryan Jeffers,Minnesota Twins,Cleveland Guardians,Daniel Espino,3,Target Field,113.0,6.6,Above average,7.0,4.6,5.4,4.6,6.1,6.8,8.0,73.94,12.9245168,307.0,7.2,9.3,5.6,3.6,Lineup context + Recent power,True,68,0.5575000000000001,0.5575000000000001,102
2026-09-12,2026-09-12T05:56:49.149939+00:00,2026-09-10,projected_or_reconstructed,forecast_or_neutral,690976,823819,663969.0,103,Alex Freeland,Los Angeles Dodgers,Miami Marlins,Tyler Phillips,8,loanDepot park,135.0,6.6,Above average,7.0,1.4,8.9,1.4,7.1,6.6,3.0,84.56,8.077823,93.0,3.4,6.2,4.1,6.1,Pitcher vulnerability + Ballpark,True,77,0.5572222222222222,0.5572222222222222,103
2026-09-12,2026-09-12T05:56:49.149939+00:00,2026-09-10,projected_or_reconstructed,forecast_or_neutral,666971,825035,677958.0,104,Lourdes Gurriel Jr.,Arizona Diamondbacks,Texas Rangers,Kumar Rocker,7,Chase Field,213.0,6.6,Above average,4.7,3.4,9.2,3.4,10.0,4.8,4.0,103.64,5.4059277,240.0,3.4,3.0,7.0,8.9,Ballpark + Pitcher vulnerability,True,123,0.5561111111111111,0.5561111111111111,104
2026-09-12,2026-09-12T05:56:49.149939+00:00,2026-09-10,projected_or_reconstructed,forecast_or_neutral,694376,823170,650633.0,105,Shay Whitcomb,San Francisco Giants,San Diego Padres,Michael King,6,Oracle Park,139.0,6.5,Solid,4.4,6.7,7.3,6.7,7.3,6.2,5.0,67.64,18.9518155,287.0,3.4,9.5,6.4,2.8,Pitcher vulnerability + Ballpark,True,122,0.5558333333333333,0.5558333333333333,105
2026-09-12,2026-09-12T05:56:49.149939+00:00,2026-09-10,projected_or_reconstructed,forecast_or_neutral,691723,822768,693686.0,106,Coby Mayo,Baltimore Orioles,Toronto Blue Jays,Spencer Miles,4,Rogers Centre,69.0,6.5,Solid,7.8,9.1,1.8,9.1,4.1,6.6,7.0,77.54,6.027298699999999,135.0,9.8,8.9,4.2,3.3,Recent power + Pitch-type matchup,True,128,0.5505555555555556,0.5505555555555556,106
2026-09-12,2026-09-12T05:56:49.149939+00:00,2026-09-10,projected_or_reconstructed,forecast_or_neutral,677800,824712,677976.0,107,Wilyer Abreu,Boston Red Sox,Kansas City Royals,Randy Dobnak,4,Fenway Park,92.0,6.5,Solid,5.8,8.7,4.7,8.7,5.1,6.7,7.0,73.75999999999999,9.6312505,77.0,6.8,5.2,4.6,3.9,Pitch-type matchup + Lineup context,True,115,0.5475,0.5475,107
2026-09-12,2026-09-12T05:56:49.149939+00:00,2026-09-10,projected_or_reconstructed,forecast_or_neutral,682657,823657,687570.0,108,Angel Martínez,Cleveland Guardians,Minnesota Twins,Connor Prielipp,7,Target Field,113.0,6.4,Solid,5.0,8.2,7.0,8.2,6.1,6.8,4.0,73.94,12.9245168,307.0,3.4,1.9,5.6,3.5,Pitch-type matchup + Pitcher vulnerability,True,82,0.5469444444444445,0.5469444444444445,108
2026-09-12,2026-09-12T05:56:49.149939+00:00,2026-09-10,projected_or_reconstructed,forecast_or_neutral,666023,823170,702885.0,109,Freddy Fermin,San Diego Padres,San Francisco Giants,Cesar Perdomo,9,Oracle Park,139.0,6.4,Solid,5.7,4.8,6.0,4.8,7.3,6.2,2.0,67.64,18.9518155,287.0,3.4,8.3,9.2,8.3,Ballpark + Weather,True,140,0.5463888888888888,0.5463888888888888,109
2026-09-12,2026-09-12T05:56:49.149939+00:00,2026-09-10,projected_or_reconstructed,forecast_or_neutral,686948,824870,,110,Drake Baldwin,Atlanta Braves,Philadelphia Phillies,TBD,1,Truist Park,100.0,6.4,Solid,5.6,5.5,5.5,5.5,5.5,6.5,10.0,78.98,3.4175405,157.0,6.8,5.6,7.1,6.8,Lineup context + Recent power,True,136,0.5447222222222222,0.5447222222222222,110
2026-09-12,2026-09-12T05:56:49.149939+00:00,2026-09-10,projected_or_reconstructed,forecast_or_neutral,683953,823657,687570.0,111,Travis Bazzana,Cleveland Guardians,Minnesota Twins,Connor Prielipp,5,Target Field,113.0,6.3,Solid,5.4,4.2,7.0,4.2,6.1,6.8,6.0,73.94,12.9245168,307.0,9.4,5.8,5.9,3.6,Recent power + Pitcher vulnerability,True,87,0.5430555555555555,0.5430555555555555,111
2026-09-12,2026-09-12T05:56:49.149939+00:00,2026-09-10,projected_or_reconstructed,forecast_or_neutral,668227,824955,695611.0,112,Randy Arozarena,Seattle Mariners,Athletics,Gage Jump,2,Sutter Health Park,100.0,6.3,Solid,6.4,7.0,5.7,7.0,5.5,6.8,9.0,84.02,15.3478637,233.0,3.4,5.5,2.2,4.6,Lineup context + Pitch-type matchup,True,85,0.5422222222222223,0.5422222222222223,112
2026-09-12,2026-09-12T05:56:49.149939+00:00,2026-09-10,projected_or_reconstructed,forecast_or_neutral,677649,825035,694297.0,113,Ezequiel Duran,Texas Rangers,Arizona Diamondbacks,Brandon Pfaadt,3,Chase Field,213.0,6.3,Solid,7.3,5.3,4.4,5.3,10.0,4.8,8.0,103.64,5.4059277,240.0,3.4,6.1,8.4,6.4,Ballpark + Lineup context,True,101,0.5408333333333334,0.5408333333333334,113
2026-09-12,2026-09-12T05:56:49.149939+00:00,2026-09-10,projected_or_reconstructed,forecast_or_neutral,695578,822685,700712.0,114,James Wood,Washington Nationals,Los Angeles Angels,Walbert Ureña,1,Nationals Park,105.0,6.2,Solid,8.6,4.7,2.5,4.7,5.7,6.6,10.0,82.75999999999999,6.8972181,119.0,3.4,8.1,8.1,10.0,Lineup context + Hitter skill,True,126,0.5402777777777779,0.5402777777777779,114
2026-09-12,2026-09-12T05:56:49.149939+00:00,2026-09-10,projected_or_reconstructed,forecast_or_neutral,694671,825035,694297.0,115,Wyatt Langford,Texas Rangers,Arizona Diamondbacks,Brandon Pfaadt,5,Chase Field,213.0,6.2,Solid,7.9,6.3,4.4,6.3,10.0,4.8,6.0,103.64,5.4059277,240.0,6.4,1.6,4.7,5.9,Ballpark + Hitter skill,True,64,0.5397222222222222,0.5397222222222222,115
2026-09-12,2026-09-12T05:56:49.149939+00:00,2026-09-10,projected_or_reconstructed,forecast_or_neutral,669242,823819,663969.0,116,Tommy Edman,Los Angeles Dodgers,Miami Marlins,Tyler Phillips,1,loanDepot park,135.0,6.2,Solid,3.3,4.9,8.9,4.9,7.1,6.6,10.0,84.56,8.077823,93.0,6.8,2.0,4.8,5.8,Lineup context + Pitcher vulnerability,True,91,0.5397222222222222,0.5397222222222222,116
2026-09-12,2026-09-12T05:56:49.149939+00:00,2026-09-10,projected_or_reconstructed,forecast_or_neutral,808982,823170,650633.0,117,Jung Hoo Lee,San Francisco Giants,San Diego Padres,Michael King,7,Oracle Park,139.0,6.1,Solid,6.3,4.1,7.3,4.1,7.3,6.2,4.0,67.64,18.9518155,287.0,3.4,2.3,6.0,7.4,Pitcher vulnerability + Ballpark,True,96,0.538611111111111,0.538611111111111,117
2026-09-12,2026-09-12T05:56:49.149939+00:00,2026-09-10,projected_or_reconstructed,forecast_or_neutral,665953,822685,700712.0,118,Andrés Chaparro,Washington Nationals,Los Angeles Angels,Walbert Ureña,2,Nationals Park,105.0,6.1,Solid,6.6,5.8,2.5,5.8,5.7,6.6,9.0,82.75999999999999,6.8972181,119.0,8.2,9.3,9.6,8.8,Lineup context + Recent power,True,148,0.5383333333333334,0.5383333333333334,118
2026-09-12,2026-09-12T05:56:49.149939+00:00,2026-09-10,projected_or_reconstructed,forecast_or_neutral,703601,824224,685299.0,119,Max Clark,Detroit Tigers,Colorado Rockies,Tanner Gordon,6,Comerica Park,100.0,6.1,Solid,6.0,1.4,9.5,1.4,5.5,6.7,5.0,80.6,8.7613311,220.0,3.4,1.3,8.6,4.5,Pitcher vulnerability + Weather,True,118,0.5383333333333333,0.5383333333333333,119
2026-09-12,2026-09-12T05:56:49.149939+00:00,2026-09-10,projected_or_reconstructed,forecast_or_neutral,669221,824870,,120,Sean Murphy,Atlanta Braves,Philadelphia Phillies,TBD,9,Truist Park,100.0,6.0,Solid,6.6,5.5,5.5,5.5,5.5,6.5,2.0,78.98,3.4175405,157.0,7.6,6.7,4.1,5.7,Recent power + Hitter skill,True,137,0.5380555555555555,0.5380555555555555,120
2026-09-12,2026-09-12T05:56:49.149939+00:00,2026-09-10,projected_or_reconstructed,forecast_or_neutral,683737,824630,694973.0,121,Michael Busch,Chicago Cubs,Pittsburgh Pirates,Paul Skenes,3,Wrigley Field,107.0,6.0,Solid,5.9,7.0,5.0,7.0,5.8,6.0,8.0,86.18,9.1962908,241.0,3.4,6.2,6.3,6.5,Lineup context + Pitch-type matchup,True,131,0.5377777777777778,0.5377777777777778,121
2026-09-12,2026-09-12T05:56:49.149939+00:00,2026-09-10,projected_or_reconstructed,forecast_or_neutral,678545,823170,650633.0,122,Osleivis Basabe,San Francisco Giants,San Diego Padres,Michael King,4,Oracle Park,139.0,6.0,Solid,2.8,8.9,7.3,8.9,7.3,6.2,7.0,67.64,18.9518155,287.0,8.1,3.4,3.8,2.7,Pitch-type matchup + Recent power,True,109,0.5369444444444444,0.5369444444444444,122
2026-09-12,2026-09-12T05:56:49.149939+00:00,2026-09-10,projected_or_reconstructed,forecast_or_neutral,672695,825035,677958.0,123,Geraldo Perdomo,Arizona Diamondbacks,Texas Rangers,Kumar Rocker,4,Chase Field,213.0,5.9,Solid,4.8,3.6,9.2,3.6,10.0,4.8,7.0,103.64,5.4059277,240.0,3.4,1.3,6.2,5.0,Ballpark + Pitcher vulnerability,True,99,0.5355555555555557,0.5355555555555557,123
2026-09-12,2026-09-12T05:56:49.149939+00:00,2026-09-10,projected_or_reconstructed,forecast_or_neutral,668904,823657,682982.0,124,Royce Lewis,Minnesota Twins,Cleveland Guardians,Daniel Espino,6,Target Field,113.0,5.9,Solid,6.5,5.0,5.4,5.0,6.1,6.8,5.0,73.94,12.9245168,307.0,3.4,8.3,6.5,6.0,Weather + Hitter skill,True,110,0.5347222222222222,0.5347222222222222,124
2026-09-12,2026-09-12T05:56:49.149939+00:00,2026-09-10,projected_or_reconstructed,forecast_or_neutral,671732,824955,693433.0,125,Lawrence Butler,Athletics,Seattle Mariners,Bryan Woo,4,Sutter Health Park,100.0,5.9,Solid,4.2,6.0,7.9,6.0,5.5,6.8,7.0,84.02,15.3478637,233.0,7.6,4.1,3.1,2.9,Pitcher vulnerability + Recent power,True,105,0.5344444444444446,0.5344444444444446,125
2026-09-12,2026-09-12T05:56:49.149939+00:00,2026-09-10,projected_or_reconstructed,forecast_or_neutral,608324,824630,694973.0,126,Alex Bregman,Chicago Cubs,Pittsburgh Pirates,Paul Skenes,4,Wrigley Field,107.0,5.8,Solid,6.1,7.1,5.0,7.1,5.8,6.0,7.0,86.18,9.1962908,241.0,3.4,8.7,4.2,4.4,Pitch-type matchup + Lineup context,True,129,0.5330555555555555,0.5330555555555555,126
2026-09-12,2026-09-12T05:56:49.149939+00:00,2026-09-10,projected_or_reconstructed,forecast_or_neutral,800543,823819,663969.0,127,Josue De Paula,Los Angeles Dodgers,Miami Marlins,Tyler Phillips,7,loanDepot park,135.0,5.8,Solid,2.7,5.5,8.9,5.5,7.1,6.6,4.0,84.56,8.077823,93.0,5.5,5.5,5.5,5.5,Pitcher vulnerability + Ballpark,True,138,0.5325,0.5325,127
2026-09-12,2026-09-12T05:56:49.149939+00:00,2026-09-10,projected_or_reconstructed,forecast_or_neutral,545341,823009,681517.0,128,Randal Grichuk,Chicago White Sox,St. Louis Cardinals,Kyle Leahy,2,Busch Stadium,70.0,5.8,Solid,4.0,8.8,3.1,8.8,4.2,5.9,9.0,89.6,3.9146373,204.0,8.7,7.4,10.0,9.0,Lineup context + Pitch-type matchup,True,191,0.5302777777777778,0.5302777777777778,128
2026-09-12,2026-09-12T05:56:49.149939+00:00,2026-09-10,projected_or_reconstructed,forecast_or_neutral,663656,823819,663969.0,129,Kyle Tucker,Los Angeles Dodgers,Miami Marlins,Tyler Phillips,4,loanDepot park,135.0,5.7,Solid,4.3,2.6,8.9,2.6,7.1,6.6,7.0,84.56,8.077823,93.0,7.9,4.9,4.4,5.0,Pitcher vulnerability + Recent power,True,103,0.53,0.53,129
2026-09-12,2026-09-12T05:56:49.149939+00:00,2026-09-10,projected_or_reconstructed,forecast_or_neutral,666176,823657,687570.0,130,Jo Adell,Cleveland Guardians,Minnesota Twins,Connor Prielipp,4,Target Field,113.0,5.7,Solid,3.9,7.5,7.0,7.5,6.1,6.8,7.0,73.94,12.9245168,307.0,3.4,2.2,6.4,5.8,Pitch-type matchup + Pitcher vulnerability,True,112,0.53,0.53,130
2026-09-12,2026-09-12T05:56:49.149939+00:00,2026-09-10,projected_or_reconstructed,forecast_or_neutral,695657,823009,681517.0,131,Colson Montgomery,Chicago White Sox,St. Louis Cardinals,Kyle Leahy,4,Busch Stadium,70.0,5.7,Solid,7.2,6.2,3.1,6.2,4.2,5.9,7.0,89.6,3.9146373,204.0,7.2,7.6,6.7,7.6,Hitter skill + Recent power,True,160,0.5297222222222223,0.5297222222222223,131
2026-09-12,2026-09-12T05:56:49.149939+00:00,2026-09-10,projected_or_reconstructed,forecast_or_neutral,681297,822768,693686.0,132,Colton Cowser,Baltimore Orioles,Toronto Blue Jays,Spencer Miles,9,Rogers Centre,69.0,5.6,Solid,8.1,8.3,1.8,8.3,4.1,6.6,2.0,77.54,6.027298699999999,135.0,3.4,6.0,9.5,6.3,Pitch-type matchup + Hitter skill,True,165,0.5238888888888888,0.5238888888888888,132
2026-09-12,2026-09-12T05:56:49.149939+00:00,2026-09-10,projected_or_reconstructed,forecast_or_neutral,666624,823496,543037.0,133,Christopher Morel,New York Mets,New York Yankees,Gerrit Cole,7,Yankee Stadium,117.0,5.6,Solid,1.8,9.0,8.2,9.0,6.3,6.7,4.0,80.24000000000001,10.1283473,162.0,8.7,2.6,2.4,3.1,Pitch-type matchup + Recent power,True,120,0.5236111111111111,0.5236111111111111,133
2026-09-12,2026-09-12T05:56:49.149939+00:00,2026-09-10,projected_or_reconstructed,forecast_or_neutral,695336,823009,656794.0,134,Thomas Saggese,St. Louis Cardinals,Chicago White Sox,Sean Newcomb,7,Busch Stadium,70.0,5.6,Solid,7.7,9.1,1.3,9.1,4.2,5.9,4.0,89.6,3.9146373,204.0,3.4,8.3,5.5,9.4,Pitch-type matchup + Hitter skill,True,171,0.5227777777777777,0.5227777777777777,134
2026-09-12,2026-09-12T05:56:49.149939+00:00,2026-09-10,projected_or_reconstructed,forecast_or_neutral,669701,822768,680694.0,135,Josh Smith,Toronto Blue Jays,Baltimore Orioles,Kyle Bradish,7,Rogers Centre,69.0,5.5,Solid,3.2,6.9,7.6,6.9,4.1,6.6,4.0,77.54,6.027298699999999,135.0,9.9,8.5,1.7,1.1,Recent power + Pitcher vulnerability,True,167,0.5211111111111111,0.5211111111111111,135
2026-09-12,2026-09-12T05:56:49.149939+00:00,2026-09-10,projected_or_reconstructed,forecast_or_neutral,677587,823657,687570.0,136,Brayan Rocchio,Cleveland Guardians,Minnesota Twins,Connor Prielipp,9,Target Field,113.0,5.5,Solid,6.1,3.8,7.0,3.8,6.1,6.8,2.0,73.94,12.9245168,307.0,7.9,3.0,5.7,3.8,Recent power + Pitcher vulnerability,True,92,0.5197222222222223,0.5197222222222223,136
2026-09-12,2026-09-12T05:56:49.149939+00:00,2026-09-10,projected_or_reconstructed,forecast_or_neutral,691182,824224,808825.0,137,Adael Amador,Colorado Rockies,Detroit Tigers,Andrew Sears,6,Comerica Park,100.0,5.4,Neutral,5.3,9.5,3.4,9.5,5.5,6.7,5.0,80.6,8.7613311,220.0,7.6,8.8,4.6,1.8,Pitch-type matchup + Recent power,True,143,0.5177777777777778,0.5177777777777778,137
2026-09-12,2026-09-12T05:56:49.149939+00:00,2026-09-10,projected_or_reconstructed,forecast_or_neutral,607043,825035,694297.0,138,Brandon Nimmo,Texas Rangers,Arizona Diamondbacks,Brandon Pfaadt,4,Chase Field,213.0,5.4,Neutral,8.5,2.5,4.4,2.5,10.0,4.8,7.0,103.64,5.4059277,240.0,3.4,3.3,8.9,8.8,Ballpark + Hitter skill,True,106,0.5175000000000001,0.5175000000000001,138
2026-09-12,2026-09-12T05:56:49.149939+00:00,2026-09-10,projected_or_reconstructed,forecast_or_neutral,676475,823009,656794.0,139,Alec Burleson,St. Louis Cardinals,Chicago White Sox,Sean Newcomb,4,Busch Stadium,70.0,5.4,Neutral,8.6,5.9,1.3,5.9,4.2,5.9,7.0,89.6,3.9146373,204.0,6.1,6.5,9.4,8.8,Hitter skill + Lineup context,True,164,0.5172222222222222,0.5172222222222222,139
2026-09-12,2026-09-12T05:56:49.149939+00:00,2026-09-10,projected_or_reconstructed,forecast_or_neutral,669134,823170,702885.0,140,Luis Campusano,San Diego Padres,San Francisco Giants,Cesar Perdomo,4,Oracle Park,139.0,5.3,Neutral,5.0,5.3,6.0,5.3,7.3,6.2,7.0,67.64,18.9518155,287.0,7.2,8.8,2.8,4.1,Ballpark + Recent power,True,124,0.5155555555555557,0.5155555555555557,140
2026-09-12,2026-09-12T05:56:49.149939+00:00,2026-09-10,projected_or_reconstructed,forecast_or_neutral,682928,822685,700712.0,141,CJ Abrams,Washington Nationals,Los Angeles Angels,Walbert Ureña,4,Nationals Park,105.0,5.3,Neutral,6.9,9.2,2.5,9.2,5.7,6.6,7.0,82.75999999999999,6.8972181,119.0,6.4,5.4,2.3,5.3,Pitch-type matchup + Lineup context,True,114,0.5155555555555555,0.5155555555555555,141
2026-09-12,2026-09-12T05:56:49.149939+00:00,2026-09-10,projected_or_reconstructed,forecast_or_neutral,683766,823170,650633.0,142,Christian Koss,San Francisco Giants,San Diego Padres,Michael King,9,Oracle Park,139.0,5.3,Neutral,2.9,8.3,7.3,8.3,7.3,6.2,2.0,67.64,18.9518155,287.0,9.9,4.6,2.4,1.1,Recent power + Pitch-type matchup,True,130,0.5141666666666667,0.5141666666666667,142
2026-09-12,2026-09-12T05:56:49.149939+00:00,2026-09-10,projected_or_reconstructed,forecast_or_neutral,686765,824712,677976.0,143,Nick Sogard,Boston Red Sox,Kansas City Royals,Randy Dobnak,6,Fenway Park,92.0,5.2,Neutral,8.3,4.2,4.7,4.2,5.1,6.7,5.0,73.75999999999999,9.6312505,77.0,3.4,4.9,4.0,6.3,Hitter skill + Weather,True,127,0.5133333333333334,0.5133333333333334,143
2026-09-12,2026-09-12T05:56:49.149939+00:00,2026-09-10,projected_or_reconstructed,forecast_or_neutral,695491,823009,656794.0,144,Joshua Báez,St. Louis Cardinals,Chicago White Sox,Sean Newcomb,5,Busch Stadium,70.0,5.2,Neutral,7.2,9.9,1.3,9.9,4.2,5.9,6.0,89.6,3.9146373,204.0,7.6,4.5,5.5,5.9,Pitch-type matchup + Recent power,True,156,0.5127777777777778,0.5127777777777778,144
2026-09-12,2026-09-12T05:56:49.149939+00:00,2026-09-10,projected_or_reconstructed,forecast_or_neutral,678246,823009,681517.0,145,Miguel Vargas,Chicago White Sox,St. Louis Cardinals,Kyle Leahy,3,Busch Stadium,70.0,5.2,Neutral,7.3,7.8,3.1,7.8,4.2,5.9,8.0,89.6,3.9146373,204.0,3.4,4.8,3.6,7.0,Lineup context + Pitch-type matchup,True,154,0.5091666666666667,0.5091666666666667,145
2026-09-12,2026-09-12T05:56:49.149939+00:00,2026-09-10,projected_or_reconstructed,forecast_or_neutral,680574,823737,,146,Matt McLain,Cincinnati Reds,Milwaukee Brewers,TBD,8,American Family Field,88.0,5.1,Neutral,6.0,5.5,5.5,5.5,5.0,6.7,3.0,82.4,9.8797989,288.0,8.2,5.4,3.9,3.9,Recent power + Weather,True,149,0.508888888888889,0.508888888888889,146
2026-09-12,2026-09-12T05:56:49.149939+00:00,2026-09-10,projected_or_reconstructed,forecast_or_neutral,699393,824630,694973.0,147,Pedro Ramírez,Chicago Cubs,Pittsburgh Pirates,Paul Skenes,8,Wrigley Field,107.0,5.1,Neutral,6.3,5.2,5.0,5.2,5.8,6.0,3.0,86.18,9.1962908,241.0,7.6,7.5,4.8,3.8,Recent power + Hitter skill,True,139,0.5072222222222222,0.5072222222222222,147
2026-09-12,2026-09-12T05:56:49.149939+00:00,2026-09-10,projected_or_reconstructed,forecast_or_neutral,680779,824630,605280.0,148,Henry Davis,Pittsburgh Pirates,Chicago Cubs,Clay Holmes,9,Wrigley Field,107.0,5.1,Neutral,4.9,7.2,3.8,7.2,5.8,6.0,2.0,86.18,9.1962908,241.0,8.5,5.8,9.4,6.9,Recent power + Pitch-type matchup,True,174,0.5061111111111111,0.5061111111111111,148
2026-09-12,2026-09-12T05:56:49.149939+00:00,2026-09-10,projected_or_reconstructed,forecast_or_neutral,664983,824224,808825.0,149,Jake McCarthy,Colorado Rockies,Detroit Tigers,Andrew Sears,1,Comerica Park,100.0,5.0,Neutral,5.3,8.1,3.4,8.1,5.5,6.7,10.0,80.6,8.7613311,220.0,6.1,6.4,7.2,3.0,Lineup context + Pitch-type matchup,True,147,0.5038888888888889,0.5038888888888889,149
2026-09-12,2026-09-12T05:56:49.149939+00:00,2026-09-10,projected_or_reconstructed,forecast_or_neutral,545121,825035,677958.0,150,Ildemaro Vargas,Arizona Diamondbacks,Texas Rangers,Kumar Rocker,1,Chase Field,213.0,5.0,Neutral,3.0,3.2,9.2,3.2,10.0,4.8,10.0,103.64,5.4059277,240.0,3.4,4.8,6.5,4.3,Ballpark + Lineup context,True,145,0.5033333333333334,0.5033333333333334,150
2026-09-12,2026-09-12T05:56:49.149939+00:00,2026-09-10,projected_or_reconstructed,forecast_or_neutral,687401,823737,663903.0,151,Joey Ortiz,Milwaukee Brewers,Cincinnati Reds,Brady Singer,9,American Family Field,88.0,5.0,Neutral,5.4,4.5,6.3,4.5,5.0,6.7,2.0,82.4,9.8797989,288.0,3.4,2.3,9.0,8.3,Weather + Pitcher vulnerability,True,172,0.5033333333333333,0.5033333333333333,151
2026-09-12,2026-09-12T05:56:49.149939+00:00,2026-09-10,projected_or_reconstructed,forecast_or_neutral,663647,823737,,152,Ke'Bryan Hayes,Cincinnati Reds,Milwaukee Brewers,TBD,9,American Family Field,88.0,4.9,Neutral,6.3,5.5,5.5,5.5,5.0,6.7,2.0,82.4,9.8797989,288.0,3.4,5.1,4.8,5.6,Weather + Hitter skill,True,157,0.5005555555555556,0.5005555555555556,152
2026-09-12,2026-09-12T05:56:49.149939+00:00,2026-09-10,projected_or_reconstructed,forecast_or_neutral,805999,823496,543037.0,153,A.J. Ewing,New York Mets,New York Yankees,Gerrit Cole,8,Yankee Stadium,117.0,4.9,Neutral,4.6,3.5,8.2,3.5,6.3,6.7,3.0,80.24000000000001,10.1283473,162.0,6.4,2.7,5.2,4.0,Pitcher vulnerability + Weather,True,116,0.5,0.5,153
2026-09-12,2026-09-12T05:56:49.149939+00:00,2026-09-10,projected_or_reconstructed,forecast_or_neutral,686668,823009,681517.0,154,Brenton Doyle,Chicago White Sox,St. Louis Cardinals,Kyle Leahy,6,Busch Stadium,70.0,4.9,Neutral,5.5,8.4,3.1,8.4,4.2,5.9,5.0,89.6,3.9146373,204.0,9.3,6.5,2.1,7.6,Recent power + Pitch-type matchup,True,176,0.49972222222222223,0.49972222222222223,154
2026-09-12,2026-09-12T05:56:49.149939+00:00,2026-09-10,projected_or_reconstructed,forecast_or_neutral,669257,823819,663969.0,155,Will Smith,Los Angeles Dodgers,Miami Marlins,Tyler Phillips,5,loanDepot park,135.0,4.8,Neutral,4.8,1.4,8.9,1.4,7.1,6.6,6.0,84.56,8.077823,93.0,8.3,4.0,3.9,2.3,Pitcher vulnerability + Recent power,True,107,0.4972222222222222,0.4972222222222222,155
2026-09-12,2026-09-12T05:56:49.149939+00:00,2026-09-10,projected_or_reconstructed,forecast_or_neutral,650402,824224,685299.0,156,Gleyber Torres,Detroit Tigers,Colorado Rockies,Tanner Gordon,2,Comerica Park,100.0,4.8,Neutral,3.7,2.3,9.5,2.3,5.5,6.7,9.0,80.6,8.7613311,220.0,3.4,2.9,4.9,5.4,Pitcher vulnerability + Lineup context,True,153,0.49638888888888894,0.49638888888888894,156
2026-09-12,2026-09-12T05:56:49.149939+00:00,2026-09-10,projected_or_reconstructed,forecast_or_neutral,668939,824712,677976.0,157,Adley Rutschman,Boston Red Sox,Kansas City Royals,Randy Dobnak,3,Fenway Park,92.0,4.8,Neutral,7.6,3.8,4.7,3.8,5.1,6.7,8.0,73.75999999999999,9.6312505,77.0,9.8,4.0,2.6,2.5,Recent power + Lineup context,True,111,0.49611111111111117,0.49611111111111117,157
2026-09-12,2026-09-12T05:56:49.149939+00:00,2026-09-10,projected_or_reconstructed,forecast_or_neutral,807726,824224,685299.0,158,John Peck,Detroit Tigers,Colorado Rockies,Tanner Gordon,7,Comerica Park,100.0,4.7,Neutral,4.7,1.4,9.5,1.4,5.5,6.7,4.0,80.6,8.7613311,220.0,3.4,5.7,4.1,3.7,Pitcher vulnerability + Weather,True,155,0.4944444444444445,0.4944444444444445,158
2026-09-12,2026-09-12T05:56:49.149939+00:00,2026-09-10,projected_or_reconstructed,forecast_or_neutral,645277,824870,,159,Ozzie Albies,Atlanta Braves,Philadelphia Phillies,TBD,6,Truist Park,100.0,4.7,Neutral,5.6,5.5,5.5,5.5,5.5,6.5,5.0,78.98,3.4175405,157.0,3.4,2.1,6.9,7.1,Weather + Hitter skill,True,162,0.4930555555555556,0.4930555555555556,159
2026-09-12,2026-09-12T05:56:49.149939+00:00,2026-09-10,projected_or_reconstructed,forecast_or_neutral,571771,823819,663969.0,160,Enrique Hernández,Los Angeles Dodgers,Miami Marlins,Tyler Phillips,9,loanDepot park,135.0,4.7,Neutral,3.9,2.0,8.9,2.0,7.1,6.6,2.0,84.56,8.077823,93.0,8.2,5.0,3.7,5.2,Pitcher vulnerability + Recent power,True,144,0.49277777777777776,0.49277777777777776,160
2026-09-12,2026-09-12T05:56:49.149939+00:00,2026-09-10,projected_or_reconstructed,forecast_or_neutral,624424,824630,694973.0,161,Michael Conforto,Chicago Cubs,Pittsburgh Pirates,Paul Skenes,7,Wrigley Field,107.0,4.6,Neutral,3.4,7.7,5.0,7.7,5.8,6.0,4.0,86.18,9.1962908,241.0,7.9,6.9,5.3,6.1,Recent power + Pitch-type matchup,True,175,0.49194444444444446,0.49194444444444446,161
2026-09-12,2026-09-12T05:56:49.149939+00:00,2026-09-10,projected_or_reconstructed,forecast_or_neutral,702284,824955,695611.0,162,Cole Young,Seattle Mariners,Athletics,Gage Jump,8,Sutter Health Park,100.0,4.6,Neutral,5.3,6.6,5.7,6.6,5.5,6.8,3.0,84.02,15.3478637,233.0,3.4,5.1,4.5,2.6,Weather + Pitch-type matchup,True,150,0.4866666666666667,0.4866666666666667,162
2026-09-12,2026-09-12T05:56:49.149939+00:00,2026-09-10,projected_or_reconstructed,forecast_or_neutral,671739,824870,,163,Michael Harris II,Atlanta Braves,Philadelphia Phillies,TBD,4,Truist Park,100.0,4.6,Neutral,4.9,5.5,5.5,5.5,5.5,6.5,7.0,78.98,3.4175405,157.0,3.4,5.9,7.7,3.5,Lineup context + Weather,True,170,0.4847222222222223,0.4847222222222223,163
2026-09-12,2026-09-12T05:56:49.149939+00:00,2026-09-10,projected_or_reconstructed,forecast_or_neutral,673548,824630,694973.0,164,Seiya Suzuki,Chicago Cubs,Pittsburgh Pirates,Paul Skenes,2,Wrigley Field,107.0,4.5,Below average,5.7,6.2,5.0,6.2,5.8,6.0,9.0,86.18,9.1962908,241.0,3.4,5.0,2.5,4.9,Lineup context + Pitch-type matchup,True,141,0.4827777777777777,0.4827777777777777,164
2026-09-12,2026-09-12T05:56:49.149939+00:00,2026-09-10,projected_or_reconstructed,forecast_or_neutral,676391,822768,680694.0,165,Ernie Clement,Toronto Blue Jays,Baltimore Orioles,Kyle Bradish,9,Rogers Centre,69.0,4.5,Below average,6.0,5.1,7.6,5.1,4.1,6.6,2.0,77.54,6.027298699999999,135.0,3.4,1.3,1.5,1.3,Pitcher vulnerability + Weather,True,152,0.48222222222222216,0.48222222222222216,165
2026-09-12,2026-09-12T05:56:49.149939+00:00,2026-09-10,projected_or_reconstructed,forecast_or_neutral,547180,824870,641816.0,166,Bryce Harper,Philadelphia Phillies,Atlanta Braves,Tyler Mahle,3,Truist Park,100.0,4.5,Below average,5.8,5.6,4.1,5.6,5.5,6.5,8.0,78.98,3.4175405,157.0,3.4,4.6,5.6,8.1,Lineup context + Weather,True,169,0.47833333333333333,0.47833333333333333,166
2026-09-12,2026-09-12T05:56:49.149939+00:00,2026-09-10,projected_or_reconstructed,forecast_or_neutral,666211,822927,693855.0,167,Taylor Trammell,Houston Astros,Tampa Bay Rays,Ian Seymour,8,Tropicana Field,107.0,4.4,Below average,1.6,4.7,9.9,4.7,5.8,5.8,3.0,86.53999999999999,2.485484,333.0,3.4,5.6,2.7,5.0,Pitcher vulnerability + Ballpark,True,187,0.4766666666666667,0.4766666666666667,167
2026-09-12,2026-09-12T05:56:49.149939+00:00,2026-09-10,projected_or_reconstructed,forecast_or_neutral,672640,823819,607192.0,168,Otto Lopez,Miami Marlins,Los Angeles Dodgers,Tyler Glasnow,2,loanDepot park,135.0,4.4,Below average,7.8,6.0,1.3,6.0,7.1,6.6,9.0,84.56,8.077823,93.0,3.4,7.1,6.3,7.0,Lineup context + Hitter skill,True,132,0.47555555555555545,0.47555555555555545,168
2026-09-12,2026-09-12T05:56:49.149939+00:00,2026-09-10,projected_or_reconstructed,forecast_or_neutral,669003,823737,663903.0,169,Garrett Mitchell,Milwaukee Brewers,Cincinnati Reds,Brady Singer,8,American Family Field,88.0,4.4,Below average,4.5,4.9,6.3,4.9,5.0,6.7,3.0,82.4,9.8797989,288.0,3.4,2.9,6.5,7.7,Weather + Pitcher vulnerability,True,184,0.4750000000000001,0.4750000000000001,169
2026-09-12,2026-09-12T05:56:49.149939+00:00,2026-09-10,projected_or_reconstructed,forecast_or_neutral,691783,825035,677958.0,170,Jordan Lawlar,Arizona Diamondbacks,Texas Rangers,Kumar Rocker,8,Chase Field,213.0,4.3,Below average,2.3,5.6,9.2,5.6,10.0,4.8,3.0,103.64,5.4059277,240.0,3.4,3.5,1.1,2.5,Ballpark + Pitcher vulnerability,True,158,0.46388888888888885,0.46388888888888885,170
2026-09-12,2026-09-12T05:56:49.149939+00:00,2026-09-10,projected_or_reconstructed,forecast_or_neutral,656716,824224,685299.0,171,Zach McKinstry,Detroit Tigers,Colorado Rockies,Tanner Gordon,8,Comerica Park,100.0,4.3,Below average,4.4,2.9,9.5,2.9,5.5,6.7,3.0,80.6,8.7613311,220.0,3.4,1.3,1.1,1.8,Pitcher vulnerability + Weather,True,151,0.4608333333333334,0.4608333333333334,171
2026-09-12,2026-09-12T05:56:49.149939+00:00,2026-09-10,projected_or_reconstructed,forecast_or_neutral,691594,823819,607192.0,172,Javier Sanoja,Miami Marlins,Los Angeles Dodgers,Tyler Glasnow,4,loanDepot park,135.0,4.3,Below average,8.2,4.5,1.3,4.5,7.1,6.6,7.0,84.56,8.077823,93.0,6.4,3.4,9.2,6.3,Hitter skill + Ballpark,True,134,0.46027777777777773,0.46027777777777773,172
2026-09-12,2026-09-12T05:56:49.149939+00:00,2026-09-10,projected_or_reconstructed,forecast_or_neutral,701807,823496,543037.0,173,Carson Benge,New York Mets,New York Yankees,Gerrit Cole,5,Yankee Stadium,117.0,4.2,Below average,2.1,7.1,8.2,7.1,6.3,6.7,6.0,80.24000000000001,10.1283473,162.0,3.4,2.5,1.4,2.1,Pitcher vulnerability + Pitch-type matchup,True,142,0.4594444444444445,0.4594444444444445,173
2026-09-12,2026-09-12T05:56:49.149939+00:00,2026-09-10,projected_or_reconstructed,forecast_or_neutral,668709,823737,,174,JJ Bleday,Cincinnati Reds,Milwaukee Brewers,TBD,4,American Family Field,88.0,4.2,Below average,3.9,5.5,5.5,5.5,5.0,6.7,7.0,82.4,9.8797989,288.0,3.4,8.5,4.6,4.2,Lineup context + Weather,True,189,0.45777777777777784,0.45777777777777784,174
2026-09-12,2026-09-12T05:56:49.149939+00:00,2026-09-10,projected_or_reconstructed,forecast_or_neutral,689414,822927,663567.0,175,Liam Hicks,Tampa Bay Rays,Houston Astros,Peter Lambert,4,Tropicana Field,107.0,4.2,Below average,3.6,4.8,6.6,4.8,5.8,5.8,7.0,86.53999999999999,2.485484,333.0,8.3,5.3,2.1,3.2,Recent power + Lineup context,True,168,0.45666666666666667,0.45666666666666667,175
2026-09-12,2026-09-12T05:56:49.149939+00:00,2026-09-10,projected_or_reconstructed,forecast_or_neutral,687957,823170,702885.0,176,Dustin Harris,San Diego Padres,San Francisco Giants,Cesar Perdomo,8,Oracle Park,139.0,4.1,Below average,6.8,1.4,6.0,1.4,7.3,6.2,3.0,67.64,18.9518155,287.0,3.4,1.3,8.1,6.0,Ballpark + Hitter skill,True,146,0.4558333333333333,0.4558333333333333,176
2026-09-12,2026-09-12T05:56:49.149939+00:00,2026-09-10,projected_or_reconstructed,forecast_or_neutral,669397,822927,693855.0,177,Nick Allen,Houston Astros,Tampa Bay Rays,Ian Seymour,9,Tropicana Field,107.0,4.1,Below average,1.5,2.6,9.9,2.6,5.8,5.8,2.0,86.53999999999999,2.485484,333.0,3.4,5.3,9.6,2.9,Pitcher vulnerability + Ballpark,True,210,0.4552777777777778,0.4552777777777778,177
2026-09-12,2026-09-12T05:56:49.149939+00:00,2026-09-10,projected_or_reconstructed,forecast_or_neutral,814439,825035,677958.0,178,Ryan Waldschmidt,Arizona Diamondbacks,Texas Rangers,Kumar Rocker,9,Chase Field,213.0,4.1,Below average,1.2,5.6,9.2,5.6,10.0,4.8,2.0,103.64,5.4059277,240.0,3.4,6.8,2.2,2.2,Ballpark + Pitcher vulnerability,True,183,0.4533333333333333,0.4533333333333333,178
2026-09-12,2026-09-12T05:56:49.149939+00:00,2026-09-10,projected_or_reconstructed,forecast_or_neutral,593428,823170,702885.0,179,Xander Bogaerts,San Diego Padres,San Francisco Giants,Cesar Perdomo,6,Oracle Park,139.0,4.0,Below average,4.5,2.4,6.0,2.4,7.3,6.2,5.0,67.64,18.9518155,287.0,3.4,3.8,8.4,9.3,Ballpark + Weather,True,180,0.45083333333333336,0.45083333333333336,179
2026-09-12,2026-09-12T05:56:49.149939+00:00,2026-09-10,projected_or_reconstructed,forecast_or_neutral,683734,823737,663903.0,180,Andrew Vaughn,Milwaukee Brewers,Cincinnati Reds,Brady Singer,4,American Family Field,88.0,4.0,Below average,5.0,1.9,6.3,1.9,5.0,6.7,7.0,82.4,9.8797989,288.0,3.4,3.6,5.9,9.2,Lineup context + Weather,True,186,0.45055555555555565,0.45055555555555565,180
2026-09-12,2026-09-12T05:56:49.149939+00:00,2026-09-10,projected_or_reconstructed,forecast_or_neutral,691720,824224,808825.0,181,Kyle Karros,Colorado Rockies,Detroit Tigers,Andrew Sears,5,Comerica Park,100.0,4.0,Below average,3.0,9.2,3.4,9.2,5.5,6.7,6.0,80.6,8.7613311,220.0,7.9,8.5,2.5,2.2,Pitch-type matchup + Recent power,True,188,0.44138888888888894,0.44138888888888894,181
2026-09-12,2026-09-12T05:56:49.149939+00:00,2026-09-10,projected_or_reconstructed,forecast_or_neutral,691023,823009,656794.0,182,Jordan Walker,St. Louis Cardinals,Chicago White Sox,Sean Newcomb,3,Busch Stadium,70.0,3.9,Below average,6.5,5.9,1.3,5.9,4.2,5.9,8.0,89.6,3.9146373,204.0,3.4,6.9,9.1,7.5,Lineup context + Hitter skill,True,211,0.44,0.44,182
2026-09-12,2026-09-12T05:56:49.149939+00:00,2026-09-10,projected_or_reconstructed,forecast_or_neutral,665833,824630,605280.0,183,Oneil Cruz,Pittsburgh Pirates,Chicago Cubs,Clay Holmes,2,Wrigley Field,107.0,3.9,Below average,6.1,3.7,3.8,3.7,5.8,6.0,9.0,86.18,9.1962908,241.0,7.2,7.7,1.6,4.5,Lineup context + Recent power,True,159,0.43749999999999994,0.43749999999999994,183
2026-09-12,2026-09-12T05:56:49.149939+00:00,2026-09-10,projected_or_reconstructed,forecast_or_neutral,665926,822768,680694.0,184,Andrés Giménez,Toronto Blue Jays,Baltimore Orioles,Kyle Bradish,8,Rogers Centre,69.0,3.9,Below average,2.9,4.0,7.6,4.0,4.1,6.6,3.0,77.54,6.027298699999999,135.0,7.6,4.1,4.4,1.7,Pitcher vulnerability + Recent power,True,205,0.4347222222222222,0.4347222222222222,184
2026-09-12,2026-09-12T05:56:49.149939+00:00,2026-09-10,projected_or_reconstructed,forecast_or_neutral,694208,822685,674841.0,185,Moisés Ballesteros,Los Angeles Angels,Washington Nationals,Andrew Alvarez,5,Nationals Park,105.0,3.8,Below average,6.4,2.9,2.8,2.9,5.7,6.6,6.0,82.75999999999999,6.8972181,119.0,7.9,6.6,8.3,5.1,Recent power + Weather,True,182,0.4327777777777778,0.4327777777777778,185
2026-09-12,2026-09-12T05:56:49.149939+00:00,2026-09-10,projected_or_reconstructed,forecast_or_neutral,687952,822768,693686.0,186,Christian Encarnacion-Strand,Baltimore Orioles,Toronto Blue Jays,Spencer Miles,7,Rogers Centre,69.0,3.8,Below average,7.5,5.1,1.8,5.1,4.1,6.6,4.0,77.54,6.027298699999999,135.0,3.4,8.1,3.2,7.2,Hitter skill + Weather,True,197,0.43222222222222223,0.43222222222222223,186
2026-09-12,2026-09-12T05:56:49.149939+00:00,2026-09-10,projected_or_reconstructed,forecast_or_neutral,573262,824870,,187,Mike Yastrzemski,Atlanta Braves,Philadelphia Phillies,TBD,8,Truist Park,100.0,3.8,Below average,3.2,5.5,5.5,5.5,5.5,6.5,3.0,78.98,3.4175405,157.0,3.4,3.8,5.3,8.9,Weather + Pitcher vulnerability,True,214,0.4313888888888889,0.4313888888888889,187
2026-09-12,2026-09-12T05:56:49.149939+00:00,2026-09-10,projected_or_reconstructed,forecast_or_neutral,686681,824712,624133.0,188,Michael Massey,Kansas City Royals,Boston Red Sox,Ranger Suarez,5,Fenway Park,92.0,3.7,Below average,5.7,5.5,2.1,5.5,5.1,6.7,6.0,73.75999999999999,9.6312505,77.0,3.4,4.4,8.6,8.6,Weather + Lineup context,True,200,0.42527777777777787,0.42527777777777787,188
2026-09-12,2026-09-12T05:56:49.149939+00:00,2026-09-10,projected_or_reconstructed,forecast_or_neutral,813841,823170,650633.0,189,Jonah Cox,San Francisco Giants,San Diego Padres,Michael King,1,Oracle Park,139.0,3.7,Below average,2.0,5.1,7.3,5.1,7.3,6.2,10.0,67.64,18.9518155,287.0,3.4,3.5,3.5,1.7,Lineup context + Pitcher vulnerability,True,173,0.4163888888888889,0.4163888888888889,189
2026-09-12,2026-09-12T05:56:49.149939+00:00,2026-09-10,projected_or_reconstructed,forecast_or_neutral,595879,824224,685299.0,190,Javier Báez,Detroit Tigers,Colorado Rockies,Tanner Gordon,9,Comerica Park,100.0,3.7,Below average,2.0,1.4,9.5,1.4,5.5,6.7,2.0,80.6,8.7613311,220.0,3.4,4.6,7.3,2.0,Pitcher vulnerability + Weather,True,212,0.41611111111111115,0.41611111111111115,190
2026-09-12,2026-09-12T05:56:49.149939+00:00,2026-09-10,projected_or_reconstructed,forecast_or_neutral,663586,824870,,191,Austin Riley,Atlanta Braves,Philadelphia Phillies,TBD,7,Truist Park,100.0,3.6,Below average,3.2,5.5,5.5,5.5,5.5,6.5,4.0,78.98,3.4175405,157.0,3.4,6.2,3.7,4.7,Weather + Pitcher vulnerability,True,213,0.4152777777777778,0.4152777777777778,191
2026-09-12,2026-09-12T05:56:49.149939+00:00,2026-09-10,projected_or_reconstructed,forecast_or_neutral,800325,823737,663903.0,192,Luis Lara,Milwaukee Brewers,Cincinnati Reds,Brady Singer,6,American Family Field,88.0,3.6,Below average,4.6,1.4,6.3,1.4,5.0,6.7,5.0,82.4,9.8797989,288.0,3.4,3.2,7.6,5.7,Weather + Pitcher vulnerability,True,201,0.4119444444444445,0.4119444444444445,192
2026-09-12,2026-09-12T05:56:49.149939+00:00,2026-09-10,projected_or_reconstructed,forecast_or_neutral,695720,824955,693433.0,193,Tommy White,Athletics,Seattle Mariners,Bryan Woo,7,Sutter Health Park,100.0,3.6,Below average,1.9,3.4,7.9,3.4,5.5,6.8,4.0,84.02,15.3478637,233.0,3.4,6.3,2.8,4.9,Pitcher vulnerability + Weather,True,204,0.4100000000000001,0.4100000000000001,193
2026-09-12,2026-09-12T05:56:49.149939+00:00,2026-09-10,projected_or_reconstructed,forecast_or_neutral,643289,824870,,194,Mauricio Dubón,Atlanta Braves,Philadelphia Phillies,TBD,5,Truist Park,100.0,3.5,Below average,3.3,5.5,5.5,5.5,5.5,6.5,6.0,78.98,3.4175405,157.0,3.4,3.9,6.1,2.0,Weather + Lineup context,True,202,0.4091666666666667,0.4091666666666667,194
2026-09-12,2026-09-12T05:56:49.149939+00:00,2026-09-10,projected_or_reconstructed,forecast_or_neutral,668930,823737,663903.0,195,Brice Turang,Milwaukee Brewers,Cincinnati Reds,Brady Singer,2,American Family Field,88.0,3.5,Below average,4.1,4.4,6.3,4.4,5.0,6.7,9.0,82.4,9.8797989,288.0,3.4,1.7,1.3,2.8,Lineup context + Weather,True,181,0.4080555555555556,0.4080555555555556,195
2026-09-12,2026-09-12T05:56:49.149939+00:00,2026-09-10,projected_or_reconstructed,forecast_or_neutral,641857,823496,804267.0,196,Ryan McMahon,New York Yankees,New York Mets,Zac Thornton,7,Yankee Stadium,117.0,3.5,Below average,2.2,3.2,8.6,3.2,6.3,6.7,4.0,80.24000000000001,10.1283473,162.0,3.4,1.8,1.9,4.8,Pitcher vulnerability + Weather,True,177,0.4069444444444445,0.4069444444444445,196
2026-09-12,2026-09-12T05:56:49.149939+00:00,2026-09-10,projected_or_reconstructed,forecast_or_neutral,694212,822768,693686.0,197,Samuel Basallo,Baltimore Orioles,Toronto Blue Jays,Spencer Miles,6,Rogers Centre,69.0,3.4,Weak,4.3,7.9,1.8,7.9,4.1,6.6,5.0,77.54,6.027298699999999,135.0,3.4,8.6,4.9,5.8,Pitch-type matchup + Weather,True,227,0.405,0.405,197
2026-09-12,2026-09-12T05:56:49.149939+00:00,2026-09-10,projected_or_reconstructed,forecast_or_neutral,683011,823496,804267.0,198,Anthony Volpe,New York Yankees,New York Mets,Zac Thornton,9,Yankee Stadium,117.0,3.4,Weak,1.8,2.1,8.6,2.1,6.3,6.7,2.0,80.24000000000001,10.1283473,162.0,8.2,2.6,3.1,3.5,Pitcher vulnerability + Recent power,True,185,0.3994444444444445,0.3994444444444445,198
2026-09-12,2026-09-12T05:56:49.149939+00:00,2026-09-10,projected_or_reconstructed,forecast_or_neutral,694249,824224,808825.0,199,Cole Carrigg,Colorado Rockies,Detroit Tigers,Andrew Sears,3,Comerica Park,100.0,3.4,Weak,4.4,6.4,3.4,6.4,5.5,6.7,8.0,80.6,8.7613311,220.0,3.4,4.9,4.0,2.7,Lineup context + Weather,True,192,0.3975,0.3975,199
2026-09-12,2026-09-12T05:56:49.149939+00:00,2026-09-10,projected_or_reconstructed,forecast_or_neutral,700337,823009,681517.0,200,Edgar Quero,Chicago White Sox,St. Louis Cardinals,Kyle Leahy,5,Busch Stadium,70.0,3.3,Weak,4.2,3.6,3.1,3.6,4.2,5.9,6.0,89.6,3.9146373,204.0,8.7,2.9,10.0,8.3,Recent power + Lineup context,True,230,0.3975,0.3975,200
2026-09-12,2026-09-12T05:56:49.149939+00:00,2026-09-10,projected_or_reconstructed,forecast_or_neutral,805300,823819,607192.0,201,Jakob Marsee,Miami Marlins,Los Angeles Dodgers,Tyler Glasnow,3,loanDepot park,135.0,3.3,Weak,8.0,2.4,1.3,2.4,7.1,6.6,8.0,84.56,8.077823,93.0,3.4,3.5,7.7,6.7,Hitter skill + Lineup context,True,163,0.39444444444444443,0.39444444444444443,201
2026-09-12,2026-09-12T05:56:49.149939+00:00,2026-09-10,projected_or_reconstructed,forecast_or_neutral,806367,823170,650633.0,202,Turner Hill,San Francisco Giants,San Diego Padres,Michael King,5,Oracle Park,139.0,3.3,Weak,3.1,1.4,7.3,1.4,7.3,6.2,6.0,67.64,18.9518155,287.0,3.4,1.8,6.7,5.2,Pitcher vulnerability + Ballpark,True,190,0.3916666666666667,0.3916666666666667,202
2026-09-12,2026-09-12T05:56:49.149939+00:00,2026-09-10,projected_or_reconstructed,forecast_or_neutral,691781,822685,700712.0,203,Brady House,Washington Nationals,Los Angeles Angels,Walbert Ureña,3,Nationals Park,105.0,3.2,Weak,3.8,4.7,2.5,4.7,5.7,6.6,8.0,82.75999999999999,6.8972181,119.0,3.4,8.8,7.9,7.5,Lineup context + Weather,True,222,0.3902777777777777,0.3902777777777777,203
2026-09-12,2026-09-12T05:56:49.149939+00:00,2026-09-10,projected_or_reconstructed,forecast_or_neutral,545361,822685,674841.0,204,Mike Trout,Los Angeles Angels,Washington Nationals,Andrew Alvarez,2,Nationals Park,105.0,3.2,Weak,6.9,2.8,2.8,2.8,5.7,6.6,9.0,82.75999999999999,6.8972181,119.0,3.4,6.1,1.8,5.1,Lineup context + Hitter skill,True,178,0.3891666666666666,0.3891666666666666,204
2026-09-12,2026-09-12T05:56:49.149939+00:00,2026-09-10,projected_or_reconstructed,forecast_or_neutral,687637,822768,693686.0,205,Dylan Beavers,Baltimore Orioles,Toronto Blue Jays,Spencer Miles,1,Rogers Centre,69.0,3.2,Weak,3.7,8.4,1.8,8.4,4.1,6.6,10.0,77.54,6.027298699999999,135.0,3.4,8.2,3.3,3.6,Lineup context + Pitch-type matchup,True,221,0.38861111111111113,0.38861111111111113,205
2026-09-12,2026-09-12T05:56:49.149939+00:00,2026-09-10,projected_or_reconstructed,forecast_or_neutral,703520,822768,680694.0,206,Brett Bateman,Toronto Blue Jays,Baltimore Orioles,Kyle Bradish,1,Rogers Centre,69.0,3.1,Weak,4.1,1.4,7.6,1.4,4.1,6.6,10.0,77.54,6.027298699999999,135.0,3.4,1.3,1.4,2.4,Lineup context + Pitcher vulnerability,True,196,0.3852777777777778,0.3852777777777778,206
2026-09-12,2026-09-12T05:56:49.149939+00:00,2026-09-10,projected_or_reconstructed,forecast_or_neutral,668800,823170,650633.0,207,Andrew Knizner,San Francisco Giants,San Diego Padres,Michael King,8,Oracle Park,139.0,3.1,Weak,2.5,3.9,7.3,3.9,7.3,6.2,3.0,67.64,18.9518155,287.0,3.4,2.7,3.2,2.1,Pitcher vulnerability + Ballpark,True,193,0.3836111111111111,0.3836111111111111,207
2026-09-12,2026-09-12T05:56:49.149939+00:00,2026-09-10,projected_or_reconstructed,forecast_or_neutral,666126,824955,693433.0,208,Carlos Cortes,Athletics,Seattle Mariners,Bryan Woo,8,Sutter Health Park,100.0,3.1,Weak,1.1,3.8,7.9,3.8,5.5,6.8,3.0,84.02,15.3478637,233.0,8.2,4.1,2.0,1.4,Recent power + Pitcher vulnerability,True,206,0.38333333333333336,0.38333333333333336,208
2026-09-12,2026-09-12T05:56:49.149939+00:00,2026-09-10,projected_or_reconstructed,forecast_or_neutral,630105,823170,702885.0,209,Jake Cronenworth,San Diego Padres,San Francisco Giants,Cesar Perdomo,2,Oracle Park,139.0,3.0,Weak,3.6,2.9,6.0,2.9,7.3,6.2,9.0,67.64,18.9518155,287.0,8.1,1.3,1.3,2.6,Lineup context + Recent power,True,166,0.3822222222222223,0.3822222222222223,209
2026-09-12,2026-09-12T05:56:49.149939+00:00,2026-09-10,projected_or_reconstructed,forecast_or_neutral,699115,823737,,210,Carlos Jorge,Cincinnati Reds,Milwaukee Brewers,TBD,7,American Family Field,88.0,3.0,Weak,1.6,5.5,5.5,5.5,5.0,6.7,4.0,82.4,9.8797989,288.0,3.4,9.4,3.0,4.1,Weather + Pitcher vulnerability,True,231,0.3811111111111111,0.3811111111111111,210
2026-09-12,2026-09-12T05:56:49.149939+00:00,2026-09-10,projected_or_reconstructed,forecast_or_neutral,664023,824630,694973.0,211,Ian Happ,Chicago Cubs,Pittsburgh Pirates,Paul Skenes,5,Wrigley Field,107.0,3.0,Weak,3.1,5.4,5.0,5.4,5.8,6.0,6.0,86.18,9.1962908,241.0,3.4,5.2,1.5,3.9,Weather + Lineup context,True,207,0.3766666666666667,0.3766666666666667,211
2026-09-12,2026-09-12T05:56:49.149939+00:00,2026-09-10,projected_or_reconstructed,forecast_or_neutral,686611,822685,700712.0,212,Dylan Crews,Washington Nationals,Los Angeles Angels,Walbert Ureña,5,Nationals Park,105.0,2.9,Weak,5.1,3.5,2.5,3.5,5.7,6.6,6.0,82.75999999999999,6.8972181,119.0,6.8,3.7,5.8,7.1,Recent power + Weather,True,208,0.37416666666666665,0.37416666666666665,212
2026-09-12,2026-09-12T05:56:49.149939+00:00,2026-09-10,projected_or_reconstructed,forecast_or_neutral,656537,824870,641816.0,213,Derek Hill,Philadelphia Phillies,Atlanta Braves,Tyler Mahle,9,Truist Park,100.0,2.9,Weak,1.5,6.1,4.1,6.1,5.5,6.5,2.0,78.98,3.4175405,157.0,8.6,6.8,8.5,1.6,Recent power + Weather,True,238,0.37305555555555553,0.37305555555555553,213
2026-09-12,2026-09-12T05:56:49.149939+00:00,2026-09-10,projected_or_reconstructed,forecast_or_neutral,695731,823009,681517.0,214,Braden Montgomery,Chicago White Sox,St. Louis Cardinals,Kyle Leahy,7,Busch Stadium,70.0,2.9,Weak,5.5,3.1,3.1,3.1,4.2,5.9,4.0,89.6,3.9146373,204.0,3.4,4.0,6.7,6.6,Weather + Hitter skill,True,229,0.3672222222222223,0.3672222222222223,214
2026-09-12,2026-09-12T05:56:49.149939+00:00,2026-09-10,projected_or_reconstructed,forecast_or_neutral,681393,824224,808825.0,215,Connor Norby,Colorado Rockies,Detroit Tigers,Andrew Sears,2,Comerica Park,100.0,2.8,Weak,4.9,3.0,3.4,3.0,5.5,6.7,9.0,80.6,8.7613311,220.0,8.3,5.6,2.6,1.6,Lineup context + Recent power,True,195,0.3652777777777778,0.3652777777777778,215
2026-09-12,2026-09-12T05:56:49.149939+00:00,2026-09-10,projected_or_reconstructed,forecast_or_neutral,671056,823009,656794.0,216,Iván Herrera,St. Louis Cardinals,Chicago White Sox,Sean Newcomb,2,Busch Stadium,70.0,2.8,Weak,6.7,3.7,1.3,3.7,4.2,5.9,9.0,89.6,3.9146373,204.0,5.9,2.8,4.3,6.5,Lineup context + Hitter skill,True,215,0.3644444444444444,0.3644444444444444,216
2026-09-12,2026-09-12T05:56:49.149939+00:00,2026-09-10,projected_or_reconstructed,forecast_or_neutral,650333,824870,641816.0,217,Luis Arraez,Philadelphia Phillies,Atlanta Braves,Tyler Mahle,4,Truist Park,100.0,2.8,Weak,6.2,2.0,4.1,2.0,5.5,6.5,7.0,78.98,3.4175405,157.0,3.4,4.2,1.3,3.1,Lineup context + Weather,True,194,0.3627777777777778,0.3627777777777778,217
2026-09-12,2026-09-12T05:56:49.149939+00:00,2026-09-10,projected_or_reconstructed,forecast_or_neutral,680757,823657,687570.0,218,Steven Kwan,Cleveland Guardians,Minnesota Twins,Connor Prielipp,1,Target Field,113.0,2.7,Weak,2.5,3.3,7.0,3.3,6.1,6.8,10.0,73.94,12.9245168,307.0,3.4,1.6,1.1,1.3,Lineup context + Pitcher vulnerability,True,179,0.36,0.36,218
2026-09-12,2026-09-12T05:56:49.149939+00:00,2026-09-10,projected_or_reconstructed,forecast_or_neutral,665923,823819,607192.0,219,Esteury Ruiz,Miami Marlins,Los Angeles Dodgers,Tyler Glasnow,7,loanDepot park,135.0,2.7,Weak,5.9,4.0,1.3,4.0,7.1,6.6,4.0,84.56,8.077823,93.0,3.4,10.0,6.0,1.2,Ballpark + Weather,True,198,0.3522222222222222,0.3522222222222222,219
2026-09-12,2026-09-12T05:56:49.149939+00:00,2026-09-10,projected_or_reconstructed,forecast_or_neutral,663538,824630,694973.0,220,Nico Hoerner,Chicago Cubs,Pittsburgh Pirates,Paul Skenes,6,Wrigley Field,107.0,2.7,Weak,2.8,4.0,5.0,4.0,5.8,6.0,5.0,86.18,9.1962908,241.0,3.4,2.1,5.2,4.4,Weather + Ballpark,True,220,0.34444444444444444,0.34444444444444444,220
2026-09-12,2026-09-12T05:56:49.149939+00:00,2026-09-10,projected_or_reconstructed,forecast_or_neutral,805367,823009,681517.0,221,Chase Meidroth,Chicago White Sox,St. Louis Cardinals,Kyle Leahy,1,Busch Stadium,70.0,2.6,Weak,5.4,3.0,3.1,3.0,4.2,5.9,10.0,89.6,3.9146373,204.0,3.4,2.3,3.2,5.5,Lineup context + Weather,True,219,0.3441666666666667,0.3441666666666667,221
2026-09-12,2026-09-12T05:56:49.149939+00:00,2026-09-10,projected_or_reconstructed,forecast_or_neutral,668670,823009,681517.0,222,Jake Rogers,Chicago White Sox,St. Louis Cardinals,Kyle Leahy,8,Busch Stadium,70.0,2.6,Weak,2.7,5.7,3.1,5.7,4.2,5.9,3.0,89.6,3.9146373,204.0,3.4,7.2,5.0,5.7,Weather + Pitch-type matchup,True,254,0.3405555555555555,0.3405555555555555,222
2026-09-12,2026-09-12T05:56:49.149939+00:00,2026-09-10,projected_or_reconstructed,forecast_or_neutral,641487,824955,695611.0,223,J.P. Crawford,Seattle Mariners,Athletics,Gage Jump,1,Sutter Health Park,100.0,2.6,Weak,3.4,2.2,5.7,2.2,5.5,6.8,10.0,84.02,15.3478637,233.0,3.4,1.3,3.0,2.8,Lineup context + Weather,True,199,0.3394444444444445,0.3394444444444445,223
2026-09-12,2026-09-12T05:56:49.149939+00:00,2026-09-10,projected_or_reconstructed,forecast_or_neutral,647304,824955,695611.0,224,Josh Naylor,Seattle Mariners,Athletics,Gage Jump,6,Sutter Health Park,100.0,2.5,Poor,2.3,2.5,5.7,2.5,5.5,6.8,5.0,84.02,15.3478637,233.0,3.4,1.7,9.3,2.4,Weather + Pitcher vulnerability,True,225,0.3358333333333334,0.3358333333333334,224
2026-09-12,2026-09-12T05:56:49.149939+00:00,2026-09-10,projected_or_reconstructed,forecast_or_neutral,608348,824630,694973.0,225,Carson Kelly,Chicago Cubs,Pittsburgh Pirates,Paul Skenes,9,Wrigley Field,107.0,2.5,Poor,2.4,4.1,5.0,4.1,5.8,6.0,2.0,86.18,9.1962908,241.0,3.4,4.8,5.4,3.0,Weather + Ballpark,True,232,0.33527777777777773,0.33527777777777773,225
2026-09-12,2026-09-12T05:56:49.149939+00:00,2026-09-10,projected_or_reconstructed,forecast_or_neutral,595978,823657,687570.0,226,Austin Hedges,Cleveland Guardians,Minnesota Twins,Connor Prielipp,8,Target Field,113.0,2.5,Poor,1.3,4.5,7.0,4.5,6.1,6.8,3.0,73.94,12.9245168,307.0,3.4,1.3,2.1,1.2,Pitcher vulnerability + Weather,True,209,0.33388888888888885,0.33388888888888885,226
2026-09-12,2026-09-12T05:56:49.149939+00:00,2026-09-10,projected_or_reconstructed,forecast_or_neutral,702616,822768,693686.0,227,Jackson Holliday,Baltimore Orioles,Toronto Blue Jays,Spencer Miles,3,Rogers Centre,69.0,2.4,Poor,5.5,3.9,1.8,3.9,4.1,6.6,8.0,77.54,6.027298699999999,135.0,3.4,4.3,5.7,2.6,Lineup context + Weather,True,226,0.3316666666666666,0.3316666666666666,227
2026-09-12,2026-09-12T05:56:49.149939+00:00,2026-09-10,projected_or_reconstructed,forecast_or_neutral,650559,824870,641816.0,228,Bryan De La Cruz,Philadelphia Phillies,Atlanta Braves,Tyler Mahle,7,Truist Park,100.0,2.4,Poor,1.5,5.3,4.1,5.3,5.5,6.5,4.0,78.98,3.4175405,157.0,3.4,3.8,8.9,3.7,Weather + Ballpark,True,246,0.3313888888888889,0.3313888888888889,228
2026-09-12,2026-09-12T05:56:49.149939+00:00,2026-09-10,projected_or_reconstructed,forecast_or_neutral,687093,822685,674841.0,229,Vaughn Grissom,Los Angeles Angels,Washington Nationals,Andrew Alvarez,4,Nationals Park,105.0,2.4,Poor,3.8,5.4,2.8,5.4,5.7,6.6,7.0,82.75999999999999,6.8972181,119.0,3.4,5.4,2.2,2.2,Lineup context + Weather,True,216,0.3302777777777777,0.3302777777777777,229
2026-09-12,2026-09-12T05:56:49.149939+00:00,2026-09-10,projected_or_reconstructed,forecast_or_neutral,693304,824630,605280.0,230,Nick Gonzales,Pittsburgh Pirates,Chicago Cubs,Clay Holmes,6,Wrigley Field,107.0,2.3,Poor,4.6,2.8,3.8,2.8,5.8,6.0,5.0,86.18,9.1962908,241.0,3.4,4.4,2.7,3.7,Weather + Ballpark,True,217,0.3294444444444445,0.3294444444444445,230
2026-09-12,2026-09-12T05:56:49.149939+00:00,2026-09-10,projected_or_reconstructed,forecast_or_neutral,805805,823657,682982.0,231,Walker Jenkins,Minnesota Twins,Cleveland Guardians,Daniel Espino,9,Target Field,113.0,2.3,Poor,4.1,1.4,5.4,1.4,6.1,6.8,2.0,73.94,12.9245168,307.0,3.4,3.2,3.4,3.2,Weather + Ballpark,True,203,0.3286111111111111,0.3286111111111111,231
2026-09-12,2026-09-12T05:56:49.149939+00:00,2026-09-10,projected_or_reconstructed,forecast_or_neutral,679845,824712,624133.0,232,Nick Loftin,Kansas City Royals,Boston Red Sox,Ranger Suarez,7,Fenway Park,92.0,2.3,Poor,4.2,6.1,2.1,6.1,5.1,6.7,4.0,73.75999999999999,9.6312505,77.0,3.4,3.9,1.8,4.6,Weather + Pitch-type matchup,True,224,0.3269444444444445,0.3269444444444445,232
2026-09-12,2026-09-12T05:56:49.149939+00:00,2026-09-10,projected_or_reconstructed,forecast_or_neutral,621493,824955,695611.0,233,Taylor Ward,Seattle Mariners,Athletics,Gage Jump,7,Sutter Health Park,100.0,2.2,Poor,3.0,2.4,5.7,2.4,5.5,6.8,4.0,84.02,15.3478637,233.0,3.4,2.4,1.5,4.6,Weather + Pitcher vulnerability,True,218,0.3233333333333334,0.3233333333333334,233
2026-09-12,2026-09-12T05:56:49.149939+00:00,2026-09-10,projected_or_reconstructed,forecast_or_neutral,804606,824630,605280.0,234,Konnor Griffin,Pittsburgh Pirates,Chicago Cubs,Clay Holmes,1,Wrigley Field,107.0,2.2,Poor,3.5,2.0,3.8,2.0,5.8,6.0,10.0,86.18,9.1962908,241.0,3.4,4.4,7.8,2.3,Lineup context + Weather,True,228,0.3177777777777778,0.3177777777777778,234
2026-09-12,2026-09-12T05:56:49.149939+00:00,2026-09-10,projected_or_reconstructed,forecast_or_neutral,642215,824955,695611.0,235,Weston Wilson,Seattle Mariners,Athletics,Gage Jump,9,Sutter Health Park,100.0,2.2,Poor,2.1,4.6,5.7,4.6,5.5,6.8,2.0,84.02,15.3478637,233.0,3.4,1.7,1.6,1.9,Weather + Pitcher vulnerability,True,223,0.31722222222222224,0.31722222222222224,235
2026-09-12,2026-09-12T05:56:49.149939+00:00,2026-09-10,projected_or_reconstructed,forecast_or_neutral,668885,823657,682982.0,236,Austin Martin,Minnesota Twins,Cleveland Guardians,Daniel Espino,8,Target Field,113.0,2.1,Poor,1.7,1.4,5.4,1.4,6.1,6.8,3.0,73.94,12.9245168,307.0,3.4,6.5,8.8,3.8,Weather + Ballpark,True,237,0.3163888888888889,0.3163888888888889,236
2026-09-12,2026-09-12T05:56:49.149939+00:00,2026-09-10,projected_or_reconstructed,forecast_or_neutral,702332,824712,677976.0,237,Caleb Durbin,Boston Red Sox,Kansas City Royals,Randy Dobnak,7,Fenway Park,92.0,2.1,Poor,1.2,6.3,4.7,6.3,5.1,6.7,4.0,73.75999999999999,9.6312505,77.0,3.4,2.3,2.4,1.5,Weather + Pitch-type matchup,True,241,0.3041666666666667,0.3041666666666667,237
2026-09-12,2026-09-12T05:56:49.149939+00:00,2026-09-10,projected_or_reconstructed,forecast_or_neutral,694203,822685,674841.0,238,Denzer Guzman,Los Angeles Angels,Washington Nationals,Andrew Alvarez,8,Nationals Park,105.0,2.1,Poor,1.9,4.4,2.8,4.4,5.7,6.6,3.0,82.75999999999999,6.8972181,119.0,8.5,8.4,4.0,2.4,Recent power + Weather,True,244,0.3030555555555555,0.3030555555555555,238
2026-09-12,2026-09-12T05:56:49.149939+00:00,2026-09-10,projected_or_reconstructed,forecast_or_neutral,695670,822685,700712.0,239,Harry Ford,Washington Nationals,Los Angeles Angels,Walbert Ureña,7,Nationals Park,105.0,2.0,Poor,3.4,5.0,2.5,5.0,5.7,6.6,4.0,82.75999999999999,6.8972181,119.0,3.4,7.4,2.0,2.0,Weather + Ballpark,True,233,0.30277777777777776,0.30277777777777776,239
2026-09-12,2026-09-12T05:56:49.149939+00:00,2026-09-10,projected_or_reconstructed,forecast_or_neutral,592663,824870,641816.0,240,J.T. Realmuto,Philadelphia Phillies,Atlanta Braves,Tyler Mahle,8,Truist Park,100.0,2.0,Poor,2.2,3.3,4.1,3.3,5.5,6.5,3.0,78.98,3.4175405,157.0,3.4,6.0,3.6,5.3,Weather + Ballpark,True,251,0.30083333333333334,0.30083333333333334,240
2026-09-12,2026-09-12T05:56:49.149939+00:00,2026-09-10,projected_or_reconstructed,forecast_or_neutral,670231,824712,624133.0,241,John Rave,Kansas City Royals,Boston Red Sox,Ranger Suarez,6,Fenway Park,92.0,2.0,Poor,2.6,5.4,2.1,5.4,5.1,6.7,5.0,73.75999999999999,9.6312505,77.0,9.4,3.1,2.7,3.3,Recent power + Weather,True,234,0.2983333333333334,0.2983333333333334,241
2026-09-12,2026-09-12T05:56:49.149939+00:00,2026-09-10,projected_or_reconstructed,forecast_or_neutral,622761,822927,663567.0,242,Jorge Mateo,Tampa Bay Rays,Houston Astros,Peter Lambert,9,Tropicana Field,107.0,1.9,Poor,1.2,1.4,6.6,1.4,5.8,5.8,2.0,86.53999999999999,2.485484,333.0,3.4,6.7,3.4,3.3,Pitcher vulnerability + Ballpark,True,249,0.29833333333333334,0.29833333333333334,242
2026-09-12,2026-09-12T05:56:49.149939+00:00,2026-09-10,projected_or_reconstructed,forecast_or_neutral,678662,824224,808825.0,243,Ezequiel Tovar,Colorado Rockies,Detroit Tigers,Andrew Sears,9,Comerica Park,100.0,1.9,Poor,1.4,4.9,3.4,4.9,5.5,6.7,2.0,80.6,8.7613311,220.0,3.4,9.9,5.1,1.5,Weather + Ballpark,True,255,0.29555555555555557,0.29555555555555557,243
2026-09-12,2026-09-12T05:56:49.149939+00:00,2026-09-10,projected_or_reconstructed,forecast_or_neutral,694497,825035,694297.0,244,Evan Carter,Texas Rangers,Arizona Diamondbacks,Brandon Pfaadt,6,Chase Field,213.0,1.9,Poor,1.4,2.7,4.4,2.7,10.0,4.8,5.0,103.64,5.4059277,240.0,7.9,3.8,2.9,2.3,Ballpark + Recent power,True,235,0.2769444444444445,0.2769444444444445,244
2026-09-12,2026-09-12T05:56:49.149939+00:00,2026-09-10,projected_or_reconstructed,forecast_or_neutral,806198,823737,663903.0,245,Cooper Pratt,Milwaukee Brewers,Cincinnati Reds,Brady Singer,7,American Family Field,88.0,1.8,Poor,1.7,1.9,6.3,1.9,5.0,6.7,4.0,82.4,9.8797989,288.0,3.4,1.3,1.6,1.8,Weather + Pitcher vulnerability,True,242,0.27277777777777784,0.27277777777777784,245
2026-09-12,2026-09-12T05:56:49.149939+00:00,2026-09-10,projected_or_reconstructed,forecast_or_neutral,665877,823009,656794.0,246,José Fermín,St. Louis Cardinals,Chicago White Sox,Sean Newcomb,1,Busch Stadium,70.0,1.8,Poor,4.0,2.6,1.3,2.6,4.2,5.9,10.0,89.6,3.9146373,204.0,3.4,2.5,7.1,6.7,Lineup context + Weather,True,256,0.2719444444444445,0.2719444444444445,246
2026-09-12,2026-09-12T05:56:49.149939+00:00,2026-09-10,projected_or_reconstructed,forecast_or_neutral,802415,822927,663567.0,247,Chandler Simpson,Tampa Bay Rays,Houston Astros,Peter Lambert,6,Tropicana Field,107.0,1.8,Poor,1.7,1.4,6.6,1.4,5.8,5.8,5.0,86.53999999999999,2.485484,333.0,3.4,1.3,1.2,1.5,Pitcher vulnerability + Ballpark,True,240,0.26833333333333337,0.26833333333333337,247
2026-09-12,2026-09-12T05:56:49.149939+00:00,2026-09-10,projected_or_reconstructed,forecast_or_neutral,596115,824712,677976.0,248,Trevor Story,Boston Red Sox,Kansas City Royals,Randy Dobnak,5,Fenway Park,92.0,1.7,Poor,2.4,1.4,4.7,1.4,5.1,6.7,6.0,73.75999999999999,9.6312505,77.0,3.4,5.0,2.9,1.9,Weather + Lineup context,True,245,0.2677777777777778,0.2677777777777778,248
2026-09-12,2026-09-12T05:56:49.149939+00:00,2026-09-10,projected_or_reconstructed,forecast_or_neutral,664728,824712,624133.0,249,Kyle Isbel,Kansas City Royals,Boston Red Sox,Ranger Suarez,8,Fenway Park,92.0,1.7,Poor,3.8,3.2,2.1,3.2,5.1,6.7,3.0,73.75999999999999,9.6312505,77.0,3.4,5.1,3.5,3.4,Weather + Ballpark,True,247,0.26611111111111113,0.26611111111111113,249
2026-09-12,2026-09-12T05:56:49.149939+00:00,2026-09-10,projected_or_reconstructed,forecast_or_neutral,669707,824630,605280.0,250,Jared Triolo,Pittsburgh Pirates,Chicago Cubs,Clay Holmes,8,Wrigley Field,107.0,1.7,Poor,1.6,4.3,3.8,4.3,5.8,6.0,3.0,86.18,9.1962908,241.0,3.4,1.8,4.9,3.1,Weather + Ballpark,True,252,0.26416666666666666,0.26416666666666666,250
2026-09-12,2026-09-12T05:56:49.149939+00:00,2026-09-10,projected_or_reconstructed,forecast_or_neutral,666139,822685,674841.0,251,Josh Lowe,Los Angeles Angels,Washington Nationals,Andrew Alvarez,7,Nationals Park,105.0,1.6,Poor,1.3,4.3,2.8,4.3,5.7,6.6,4.0,82.75999999999999,6.8972181,119.0,8.6,4.5,2.0,2.9,Recent power + Weather,True,250,0.2577777777777778,0.2577777777777778,251
2026-09-12,2026-09-12T05:56:49.149939+00:00,2026-09-10,projected_or_reconstructed,forecast_or_neutral,669392,823170,702885.0,252,Samad Taylor,San Diego Padres,San Francisco Giants,Cesar Perdomo,7,Oracle Park,139.0,1.6,Poor,1.3,1.4,6.0,1.4,7.3,6.2,4.0,67.64,18.9518155,287.0,3.4,3.1,1.4,1.0,Ballpark + Weather,True,239,0.25083333333333335,0.25083333333333335,252
2026-09-12,2026-09-12T05:56:49.149939+00:00,2026-09-10,projected_or_reconstructed,forecast_or_neutral,685133,822685,674841.0,253,Wade Meckler,Los Angeles Angels,Washington Nationals,Andrew Alvarez,3,Nationals Park,105.0,1.6,Poor,2.6,1.4,2.8,1.4,5.7,6.6,8.0,82.75999999999999,6.8972181,119.0,3.4,1.9,6.6,5.2,Lineup context + Weather,True,253,0.2436111111111111,0.2436111111111111,253
2026-09-12,2026-09-12T05:56:49.149939+00:00,2026-09-10,projected_or_reconstructed,forecast_or_neutral,643396,824712,677976.0,254,Isiah Kiner-Falefa,Boston Red Sox,Kansas City Royals,Randy Dobnak,9,Fenway Park,92.0,1.5,Poor,1.4,2.1,4.7,2.1,5.1,6.7,2.0,73.75999999999999,9.6312505,77.0,3.4,2.4,4.2,1.6,Weather + Ballpark,True,260,0.23361111111111113,0.23361111111111113,254
2026-09-12,2026-09-12T05:56:49.149939+00:00,2026-09-10,projected_or_reconstructed,forecast_or_neutral,695681,822685,674841.0,255,Christian Moore,Los Angeles Angels,Washington Nationals,Andrew Alvarez,6,Nationals Park,105.0,1.5,Poor,2.2,2.3,2.8,2.3,5.7,6.6,5.0,82.75999999999999,6.8972181,119.0,3.4,4.7,3.3,4.2,Weather + Ballpark,True,257,0.23333333333333334,0.23333333333333334,255
2026-09-12,2026-09-12T05:56:49.149939+00:00,2026-09-10,projected_or_reconstructed,forecast_or_neutral,696285,822685,700712.0,256,Jacob Young,Washington Nationals,Los Angeles Angels,Walbert Ureña,9,Nationals Park,105.0,1.5,Poor,3.7,2.3,2.5,2.3,5.7,6.6,2.0,82.75999999999999,6.8972181,119.0,3.4,1.8,1.9,4.1,Weather + Ballpark,True,248,0.2330555555555556,0.2330555555555556,256
2026-09-12,2026-09-12T05:56:49.149939+00:00,2026-09-10,projected_or_reconstructed,forecast_or_neutral,683002,822768,693686.0,257,Gunnar Henderson,Baltimore Orioles,Toronto Blue Jays,Spencer Miles,5,Rogers Centre,69.0,1.4,Avoid,3.1,4.2,1.8,4.2,4.1,6.6,6.0,77.54,6.027298699999999,135.0,3.4,2.6,2.3,1.7,Weather + Lineup context,True,258,0.23194444444444445,0.23194444444444445,257
2026-09-12,2026-09-12T05:56:49.149939+00:00,2026-09-10,projected_or_reconstructed,forecast_or_neutral,670032,825035,694297.0,258,Nicky Lopez,Texas Rangers,Arizona Diamondbacks,Brandon Pfaadt,8,Chase Field,213.0,1.4,Avoid,2.3,1.4,4.4,1.4,10.0,4.8,3.0,103.64,5.4059277,240.0,3.4,1.3,3.6,1.2,Ballpark + Weather,True,243,0.23,0.23,258
2026-09-12,2026-09-12T05:56:49.149939+00:00,2026-09-10,projected_or_reconstructed,forecast_or_neutral,691858,823819,607192.0,259,Jared Serna,Miami Marlins,Los Angeles Dodgers,Tyler Glasnow,8,loanDepot park,135.0,1.4,Avoid,2.6,1.4,1.3,1.4,7.1,6.6,3.0,84.56,8.077823,93.0,3.4,7.0,9.9,4.0,Ballpark + Weather,True,261,0.2277777777777778,0.2277777777777778,259
2026-09-12,2026-09-12T05:56:49.149939+00:00,2026-09-10,projected_or_reconstructed,forecast_or_neutral,682668,823009,681517.0,260,Luisangel Acuña,Chicago White Sox,St. Louis Cardinals,Kyle Leahy,9,Busch Stadium,70.0,1.3,Avoid,2.1,1.4,3.1,1.4,4.2,5.9,2.0,89.6,3.9146373,204.0,3.4,1.3,8.8,4.8,Weather + Ballpark,True,268,0.22083333333333335,0.22083333333333335,260
2026-09-12,2026-09-12T05:56:49.149939+00:00,2026-09-10,projected_or_reconstructed,forecast_or_neutral,678391,822685,700712.0,261,Jorbit Vivas,Washington Nationals,Los Angeles Angels,Walbert Ureña,8,Nationals Park,105.0,1.3,Avoid,2.0,3.3,2.5,3.3,5.7,6.6,3.0,82.75999999999999,6.8972181,119.0,3.4,3.4,1.7,4.3,Weather + Ballpark,True,259,0.21694444444444444,0.21694444444444444,261
2026-09-12,2026-09-12T05:56:49.149939+00:00,2026-09-10,projected_or_reconstructed,forecast_or_neutral,687859,824224,808825.0,262,Troy Johnston,Colorado Rockies,Detroit Tigers,Andrew Sears,7,Comerica Park,100.0,1.3,Avoid,1.0,3.5,3.4,3.5,5.5,6.7,4.0,80.6,8.7613311,220.0,3.4,3.0,3.0,1.4,Weather + Ballpark,True,262,0.21222222222222223,0.21222222222222223,262
2026-09-12,2026-09-12T05:56:49.149939+00:00,2026-09-10,projected_or_reconstructed,forecast_or_neutral,686555,824712,624133.0,263,Isaac Collins,Kansas City Royals,Boston Red Sox,Ranger Suarez,9,Fenway Park,92.0,1.2,Avoid,2.5,3.1,2.1,3.1,5.1,6.7,2.0,73.75999999999999,9.6312505,77.0,3.4,2.5,2.5,4.3,Weather + Ballpark,True,264,0.21027777777777779,0.21027777777777779,263
2026-09-12,2026-09-12T05:56:49.149939+00:00,2026-09-10,projected_or_reconstructed,forecast_or_neutral,691026,823009,656794.0,264,Masyn Winn,St. Louis Cardinals,Chicago White Sox,Sean Newcomb,8,Busch Stadium,70.0,1.2,Avoid,2.9,2.1,1.3,2.1,4.2,5.9,3.0,89.6,3.9146373,204.0,7.6,4.2,2.3,4.7,Recent power + Weather,True,267,0.20722222222222225,0.20722222222222225,264
2026-09-12,2026-09-12T05:56:49.149939+00:00,2026-09-10,projected_or_reconstructed,forecast_or_neutral,682663,823819,607192.0,265,Agustín Ramírez,Miami Marlins,Los Angeles Dodgers,Tyler Glasnow,5,loanDepot park,135.0,1.2,Avoid,3.6,1.4,1.3,1.4,7.1,6.6,6.0,84.56,8.077823,93.0,7.9,2.2,1.7,1.1,Recent power + Ballpark,True,236,0.20055555555555557,0.20055555555555557,265
2026-09-12,2026-09-12T05:56:49.149939+00:00,2026-09-10,projected_or_reconstructed,forecast_or_neutral,701675,823009,656794.0,266,Nathan Church,St. Louis Cardinals,Chicago White Sox,Sean Newcomb,9,Busch Stadium,70.0,1.1,Avoid,2.7,2.5,1.3,2.5,4.2,5.9,2.0,89.6,3.9146373,204.0,3.4,2.5,6.8,2.5,Weather + Ballpark,True,269,0.18666666666666668,0.18666666666666668,266
2026-09-12,2026-09-12T05:56:49.149939+00:00,2026-09-10,projected_or_reconstructed,forecast_or_neutral,663968,824630,605280.0,267,Jake Mangum,Pittsburgh Pirates,Chicago Cubs,Clay Holmes,7,Wrigley Field,107.0,1.1,Avoid,1.1,2.2,3.8,2.2,5.8,6.0,4.0,86.18,9.1962908,241.0,3.4,1.3,1.2,1.3,Weather + Ballpark,True,263,0.17888888888888893,0.17888888888888893,267
2026-09-12,2026-09-12T05:56:49.149939+00:00,2026-09-10,projected_or_reconstructed,forecast_or_neutral,687597,824224,808825.0,268,Jordan Beck,Colorado Rockies,Detroit Tigers,Andrew Sears,8,Comerica Park,100.0,1.1,Avoid,1.0,1.4,3.4,1.4,5.5,6.7,3.0,80.6,8.7613311,220.0,3.4,3.9,2.9,1.4,Weather + Ballpark,True,266,0.17305555555555557,0.17305555555555557,268
2026-09-12,2026-09-12T05:56:49.149939+00:00,2026-09-10,projected_or_reconstructed,forecast_or_neutral,624428,822685,674841.0,269,Adam Frazier,Los Angeles Angels,Washington Nationals,Andrew Alvarez,9,Nationals Park,105.0,1.0,Avoid,1.8,1.4,2.8,1.4,5.7,6.6,2.0,82.75999999999999,6.8972181,119.0,3.4,2.0,1.2,1.9,Weather + Ballpark,True,265,0.15694444444444441,0.15694444444444441,269
2026-09-12,2026-09-12T05:56:49.149939+00:00,2026-09-10,projected_or_reconstructed,forecast_or_neutral,677008,822768,693686.0,270,Heston Kjerstad,Baltimore Orioles,Toronto Blue Jays,Spencer Miles,8,Rogers Centre,69.0,1.0,Avoid,1.9,1.4,1.8,1.4,4.1,6.6,3.0,77.54,6.027298699999999,135.0,3.4,1.3,1.0,4.7,Weather + Ballpark,True,270,0.13805555555555554,0.13805555555555554,270
